"System Time Index";"Temperature Data";"Temperature Data Average";"Temperature Data Standard Deviation"
"1530208815141";"33.653477";"0.0";"0.0"
"1530208815325";"33.67674";"0.0";"0.0"
"1530208815471";"33.653477";"0.0";"0.0"
"1530208815597";"33.67674";"0.0";"0.0"
"1530208815866";"33.700005";"0.0";"0.0"
"1530208815922";"33.67674";"0.0";"0.0"
"1530208815996";"33.700005";"0.0";"0.0"
"1530208816120";"33.67674";"0.0";"0.0"
"1530208816191";"33.700005";"0.0";"0.0"
"1530208816265";"33.653477";"0.0";"0.0"
"1530208816392";"33.67674";"0.0";"0.0"
"1530208816660";"33.700005";"0.0";"0.0"
"1530208816731";"33.67674";"0.0";"0.0"
"1530208817067";"33.700005";"0.0";"0.0"
"1530208817256";"33.72328";"0.0";"0.0"
"1530208817326";"33.700005";"0.0";"0.0"
"1530208817397";"33.72328";"0.0";"0.0"
"1530208817536";"33.700005";"0.0";"0.0"
"1530208817585";"33.67674";"0.0";"0.0"
"1530208817848";"33.700005";"0.0";"0.0"
"1530208817937";"33.72328";"0.0";"0.0"
"1530208818006";"33.700005";"0.0";"0.0"
"1530208818054";"33.67674";"0.0";"0.0"
"1530208818259";"33.700005";"0.0";"0.0"
"1530208818468";"33.67674";"0.0";"0.0"
"1530208818545";"33.72328";"33.67674";"0.0"
"1530208818670";"33.700005";"33.67674";"0.0"
"1530208818756";"33.72328";"33.67697";"0.002268851"
"1530208818809";"33.67674";"33.677433";"0.004521979"
"1530208818854";"33.72328";"33.677425";"4.572283E-4"
"1530208818925";"33.700005";"33.677883";"0.0044721775"
"1530208818993";"33.72328";"33.678104";"0.0022031183"
"1530208819124";"33.700005";"33.678555";"0.0044113146"
"1530208819261";"33.72328";"33.67877";"0.002137874"
"1530208819533";"33.700005";"33.679214";"0.0043460643"
"1530208819605";"33.72328";"33.67942";"0.0020736663"
"1530208819773";"33.700005";"33.67986";"0.0042823227"
"1530208819820";"33.74656";"33.68006";"0.0020106167"
"1530208819866";"33.700005";"33.680725";"0.006488017"
"1530208819932";"33.74656";"33.68092";"0.0019887453"
"1530208820000";"33.72328";"33.681576";"0.0064041945"
"1530208820267";"33.700005";"33.68199";"0.004117359"
"1530208820332";"33.74656";"33.68217";"0.0018042941"
"1530208820464";"33.72328";"33.682816";"0.006281575"
"1530208820528";"33.74656";"33.68322";"0.0039959345"
"1530208820593";"33.72328";"33.683853";"0.0061896876"
"1530208820658";"33.700005";"33.684246";"0.0038946727"
"1530208820791";"33.74656";"33.684402";"0.0015854475"
"1530208820815";"33.700005";"33.685024";"0.00606349"
"1530208820992";"33.74656";"33.685173";"0.0015817937"
"1530208821081";"33.700005";"33.685787";"0.005988354"
"1530208821130";"33.74656";"33.68593";"0.0015103502"
"1530208821330";"33.72328";"33.686535";"0.0059145438"
"1530208821397";"33.74656";"33.6869";"0.003632122"
"1530208821463";"33.72328";"33.687496";"0.00582925"
"1530208821594";"33.74656";"33.687855";"0.0035380532"
"1530208821660";"33.72328";"33.688442";"0.0057356567"
"1530208821862";"33.74656";"33.68879";"0.0034457126"
"1530208822147";"33.72328";"33.689365";"0.005644327"
"1530208822386";"33.74656";"33.689705";"0.003355273"
"1530208822471";"33.700005";"33.690273";"0.0055545117"
"1530208822535";"33.72328";"33.690372";"0.0010994297"
"1530208822603";"33.74656";"33.6907";"0.003211266"
"1530208822930";"33.72328";"33.691257";"0.005456879"
"1530208823058";"33.74656";"33.691578";"0.003170275"
"1530208823211";"33.769848";"33.692127";"0.0053711124"
"1530208823340";"33.72328";"33.692905";"0.0075981277"
"1530208823406";"33.74656";"33.69321";"0.0030580289"
"1530208823474";"33.769848";"33.693745";"0.005211405"
"1530208823520";"33.74656";"33.694504";"0.00743995"
"1530208823803";"33.769848";"33.695023";"0.0051307734"
"1530208823804";"33.74656";"33.69577";"0.0073149386"
"1530208823869";"33.72328";"33.696278";"0.0050066444"
"1530208823935";"33.769848";"33.69655";"0.0026805121"
"1530208824001";"33.72328";"33.69728";"0.007153145"
"1530208824067";"33.74656";"33.69754";"0.0026346073"
"1530208824133";"33.72328";"33.69803";"0.004787699"
"1530208824197";"33.769848";"33.69828";"0.0025088503"
"1530208824283";"33.74656";"33.698997";"0.006983536"
"1530208824325";"33.769848";"33.699474";"0.004690312"
"1530208824412";"33.74656";"33.700176";"0.006878926"
"1530208824520";"33.769848";"33.70064";"0.004575058"
"1530208824608";"33.74656";"33.701332";"0.00676455"
"1530208824768";"33.769848";"33.701786";"0.0044618943"
"1530208824812";"33.74656";"33.702465";"0.0066524404"
"1530208824861";"33.769848";"33.702908";"0.0043510017"
"1530208824926";"33.74656";"33.703575";"0.006542597"
"1530208824992";"33.769848";"33.704006";"0.0042423788"
"1530208825056";"33.74656";"33.704666";"0.006434646"
"1530208825144";"33.769848";"33.705086";"0.0041356497"
"1530208825188";"33.74656";"33.705734";"0.0063289586"
"1530208825275";"33.769848";"33.706142";"0.0040311906"
"1530208825321";"33.74656";"33.70678";"0.0062255384"
"1530208825475";"33.769848";"33.707176";"0.0039290027"
"1530208825520";"33.74656";"33.7078";"0.006124385"
"1530208825761";"33.769848";"33.70819";"0.0038287144"
"1530208825871";"33.74656";"33.70881";"0.0060247458"
"1530208825936";"33.769848";"33.709187";"0.003730314"
"1530208826134";"33.74656";"33.709793";"0.005927371"
"1530208826199";"33.769848";"33.71016";"0.0036341848"
"1530208826265";"33.74656";"33.710754";"0.005832263"
"1530208826331";"33.769848";"33.711113";"0.003539956"
"1530208826415";"33.74656";"33.7117";"0.005738669"
"1530208826460";"33.72328";"33.712048";"0.0034476153"
"1530208826526";"33.769848";"33.71216";"0.0011486807"
"1530208826591";"33.79314";"33.712734";"0.0056270813"
"1530208826680";"33.769848";"33.71354";"0.007861191"
"1530208826732";"33.74656";"33.714104";"0.0055469973"
"1530208826802";"33.769848";"33.714428";"0.0032132836"
"1530208826866";"33.74656";"33.71498";"0.005414129"
"1530208827068";"33.79314";"33.715298";"0.0031266029"
"1530208827133";"33.74656";"33.716076";"0.00759758"
"1530208827199";"33.769848";"33.71638";"0.003068208"
"1530208827395";"33.79314";"33.716915";"0.005223093"
"1530208827482";"33.769848";"33.717678";"0.0074516516"
"1530208827616";"33.79314";"33.7182";"0.005141725"
"1530208827661";"33.74656";"33.71895";"0.0073262607"
"1530208827794";"33.769848";"33.719223";"0.0027905968"
"1530208827796";"33.79314";"33.71973";"0.004944642"
"1530208827991";"33.769848";"33.720463";"0.0071760733"
"1530208828142";"33.74656";"33.720955";"0.00486931"
"1530208828205";"33.79314";"33.72121";"0.002543974"
"1530208828272";"33.769848";"33.72193";"0.007018961"
"1530208828534";"33.79314";"33.722412";"0.004725024"
"1530208828601";"33.769848";"33.723118";"0.0069136526"
"1530208828817";"33.79314";"33.723587";"0.0046090144"
"1530208828883";"33.769848";"33.72428";"0.006798521"
"1530208829141";"33.79314";"33.724735";"0.004495466"
"1530208829269";"33.769848";"33.725418";"0.006686033"
"1530208829331";"33.79314";"33.72586";"0.0043841936"
"1530208829464";"33.769848";"33.726532";"0.0065758117"
"1530208829529";"33.74656";"33.726967";"0.0042748204"
"1530208829615";"33.769848";"33.72716";"0.001957985"
"1530208829681";"33.79314";"33.72759";"0.0041672937"
"1530208829745";"33.769848";"33.728245";"0.0064060325"
"1530208829819";"33.816437";"33.72866";"0.004107366"
"1530208829862";"33.79314";"33.729538";"0.008569707"
"1530208830142";"33.769848";"33.730175";"0.0062612514"
"1530208830270";"33.79314";"33.73057";"0.0039191833"
"1530208830337";"33.769848";"33.731197";"0.0061141974"
"1530208830599";"33.74656";"33.731583";"0.0038185364"
"1530208830665";"33.79314";"33.73173";"0.0015096776"
"1530208830794";"33.769848";"33.732346";"0.005990422"
"1530208830797";"33.74656";"33.73272";"0.0037060266"
"1530208830883";"33.79314";"33.732857";"0.0013996917"
"1530208830996";"33.769848";"33.73346";"0.0058804625"
"1530208831061";"33.79314";"33.73382";"0.0035970884"
"1530208831410";"33.816437";"33.734413";"0.0057960288"
"1530208831543";"33.769848";"33.735233";"0.008019818"
"1530208831608";"33.816437";"33.73558";"0.003469434"
"1530208831736";"33.769848";"33.73639";"0.007892619"
"1530208831883";"33.79314";"33.736725";"0.0033568463"
"1530208831929";"33.816437";"33.73729";"0.005511763"
"1530208831994";"33.769848";"33.73808";"0.007738182"
"1530208832143";"33.79314";"33.738396";"0.003193333"
"1530208832273";"33.769848";"33.738945";"0.005347993"
"1530208832465";"33.79314";"33.739254";"0.0030606966"
"1530208832532";"33.769848";"33.73979";"0.005263937"
"1530208832660";"33.79314";"33.740093";"0.0029778383"
"1530208832790";"33.74656";"33.740623";"0.0051816795"
"1530208832811";"33.79314";"33.740685";"7.767632E-4"
"1530208832944";"33.769848";"33.74121";"0.005115838"
"1530208833210";"33.816437";"33.741497";"0.0028391348"
"1530208833275";"33.769848";"33.742245";"0.007313708"
"1530208833405";"33.79314";"33.74252";"0.0027895423"
"1530208833469";"33.816437";"33.743027";"0.004944261"
"1530208833533";"33.79314";"33.74376";"0.007176071"
"1530208833876";"33.816437";"33.74425";"0.0048689386"
"1530208834067";"33.769848";"33.744972";"0.0070563434"
"1530208834131";"33.79314";"33.74522";"0.0025264611"
"1530208834612";"33.769848";"33.7457";"0.004679801"
"1530208834794";"33.79314";"33.74594";"0.0024009503"
"1530208834817";"33.769848";"33.746414";"0.004608967"
"1530208834882";"33.79314";"33.746647";"0.002331396"
"1530208835012";"33.769848";"33.747112";"0.0045399345"
"1530208835076";"33.816437";"33.74734";"0.0022630026"
"1530208835340";"33.79314";"33.74803";"0.0067419633"
"1530208835683";"33.816437";"33.74848";"0.0044504097"
"1530208835809";"33.79314";"33.74916";"0.0066418657"
"1530208835878";"33.816437";"33.7496";"0.0043400708"
"1530208835943";"33.79314";"33.750267";"0.0065324013"
"1530208836008";"33.816437";"33.750694";"0.004231826"
"1530208836073";"33.769848";"33.75135";"0.0064252024"
"1530208836137";"33.79314";"33.751534";"0.0019150375"
"1530208836202";"33.816437";"33.75195";"0.004061995"
"1530208836265";"33.79314";"33.752594";"0.006301858"
"1530208836462";"33.816437";"33.753";"0.0040040463"
"1530208836552";"33.79314";"33.75363";"0.00619949"
"1530208836595";"33.816437";"33.75403";"0.003902248"
"1530208836663";"33.79314";"33.754654";"0.0060983393"
"1530208836799";"33.816437";"33.75504";"0.0038023335"
"1530208836802";"33.79314";"33.755653";"0.0059994534"
"1530208836866";"33.816437";"33.756027";"0.0037046894"
"1530208836993";"33.79314";"33.75663";"0.005902834"
"1530208837664";"33.816437";"33.756996";"0.003608946"
"1530208837865";"33.79314";"33.75759";"0.0058077285"
"1530208837955";"33.816437";"33.757946";"0.0035150908"
"1530208837998";"33.79314";"33.75853";"0.0057148878"
"1530208838082";"33.816437";"33.758877";"0.0034231362"
"1530208838213";"33.79314";"33.759453";"0.0056235613"
"1530208838277";"33.816437";"33.75979";"0.00333307"
"1530208838603";"33.79314";"33.760353";"0.0055344985"
"1530208838669";"33.83974";"33.76068";"0.0032449053"
"1530208838811";"33.816437";"33.76147";"0.00771671"
"1530208839005";"33.83974";"33.76202";"0.0054155057"
"1530208839096";"33.79314";"33.7628";"0.007598443"
"1530208839208";"33.83974";"33.763103";"0.003054761"
"1530208839231";"33.79314";"33.76387";"0.007479771"
"1530208839273";"33.83974";"33.764164";"0.0029506662"
"1530208839353";"33.816437";"33.76492";"0.0073761004"
"1530208839463";"33.79314";"33.765434";"0.005077797"
"1530208839484";"33.816437";"33.765713";"0.0027490323"
"1530208839620";"33.83974";"33.76622";"0.004954164"
"1530208839624";"33.816437";"33.766956";"0.0071866354"
"1530208839723";"33.79314";"33.767452";"0.0048783855"
"1530208839788";"33.83974";"33.767708";"0.0025522618"
"1530208839876";"33.816437";"33.76843";"0.00702913"
"1530208840017";"33.83974";"33.76891";"0.004734094"
"1530208840146";"33.816437";"33.76962";"0.0069234613"
"1530208840341";"33.79314";"33.77009";"0.004617706"
"1530208840405";"33.816437";"33.770317";"0.0022951174"
"1530208840471";"33.83974";"33.77078";"0.004503348"
"1530208840535";"33.816437";"33.77147";"0.006740074"
"1530208840620";"33.79314";"33.77192";"0.0044366387"
"1530208840664";"33.816437";"33.772133";"0.002116348"
"1530208840879";"33.83974";"33.772575";"0.0043256916"
"1530208840944";"33.816437";"33.773247";"0.0065641757"
"1530208841401";"33.83974";"33.773678";"0.0042627603"
"1530208841485";"33.79314";"33.774338";"0.006456527"
"1530208841613";"33.816437";"33.774525";"0.0019440657"
"1530208841677";"33.83974";"33.774944";"0.0040917844"
"1530208841742";"33.816437";"33.775593";"0.006332048"
"1530208841809";"33.83974";"33.776";"0.0040330947"
"1530208841873";"33.816437";"33.776638";"0.0062289257"
"1530208841936";"33.83974";"33.777035";"0.0039309114"
"1530208842000";"33.816437";"33.77766";"0.0061277724"
"1530208842087";"33.83974";"33.77805";"0.003830623"
"1530208842281";"33.79314";"33.778667";"0.006028133"
"1530208842346";"33.83974";"33.778812";"0.0015347074"
"1530208842435";"33.816437";"33.779423";"0.0059435307"
"1530208842543";"33.79314";"33.779793";"0.0036581757"
"1530208842605";"33.83974";"33.779926";"0.0013520682"
"1530208842796";"33.816437";"33.780525";"0.0058345203"
"1530208842881";"33.83974";"33.780884";"0.003550371"
"1530208843136";"33.863052";"33.78147";"0.005750735"
"1530208843267";"33.83974";"33.782288";"0.00797639"
"1530208843465";"33.816437";"33.782864";"0.005659106"
"1530208843488";"33.863052";"33.7832";"0.0033225631"
"1530208843677";"33.83974";"33.783997";"0.007794377"
"1530208843873";"33.816437";"33.784554";"0.005491743"
"1530208843938";"33.83974";"33.784874";"0.0031571847"
"1530208844088";"33.816437";"33.785423";"0.005359782"
"1530208844222";"33.83974";"33.785732";"0.003071632"
"1530208844532";"33.863052";"33.786274";"0.00527563"
"1530208844616";"33.83974";"33.78704";"0.0075059966"
"1530208845003";"33.863052";"33.787567";"0.0051938207"
"1530208845068";"33.83974";"33.788322";"0.007379478"
"1530208845220";"33.863052";"33.788837";"0.00506818"
"1530208845543";"33.83974";"33.78958";"0.007254901"
"1530208845673";"33.863052";"33.79008";"0.004945176"
"1530208845803";"33.83974";"33.79081";"0.007133343"
"1530208845872";"33.863052";"33.791298";"0.004824825"
"1530208845959";"33.886368";"33.792015";"0.0070140543"
"1530208846003";"33.863052";"33.792957";"0.009227979"
"1530208846219";"33.886368";"33.79366";"0.0068974947"
"1530208846349";"33.863052";"33.794586";"0.009067107"
"1530208846454";"33.83974";"33.79527";"0.0067381985"
"1530208846498";"33.863052";"33.795715";"0.0043887054"
"1530208846691";"33.886368";"33.79639";"0.006581091"
"1530208846735";"33.863052";"33.79729";"0.008799064"
"1530208847014";"33.83974";"33.797947";"0.006473212"
"1530208847078";"33.886368";"33.798367";"0.0041266023"
"1530208847428";"33.863052";"33.799248";"0.008591569"
"1530208847549";"33.886368";"33.799885";"0.0062812786"
"1530208847679";"33.83974";"33.80075";"0.008456961"
"1530208847763";"33.886368";"33.80114";"0.0038952483"
"1530208847807";"33.863052";"33.80199";"0.008320603"
"1530208847936";"33.886368";"33.8026";"0.006012552"
"1530208848023";"33.83974";"33.80344";"0.008190788"
"1530208848066";"33.863052";"33.803802";"0.0036335755"
"1530208848216";"33.886368";"33.804394";"0.0057895062"
"1530208848280";"33.83974";"33.805214";"0.008014899"
"1530208848480";"33.886368";"33.80556";"0.0034609123"
"1530208848482";"33.863052";"33.80637";"0.0078877015"
"1530208848547";"33.83974";"33.80694";"0.0055834544"
"1530208848611";"33.863052";"33.807266";"0.0032472245"
"1530208848699";"33.886368";"33.807823";"0.0054499647"
"1530208848744";"33.863052";"33.80861";"0.007678897"
"1530208848943";"33.886368";"33.809155";"0.005364386"
"1530208849007";"33.863052";"33.809925";"0.007548979"
"1530208849071";"33.909687";"33.810455";"0.005235714"
"1530208849159";"33.863052";"33.811447";"0.009691153"
"1530208849205";"33.886368";"33.811962";"0.0051250416"
"1530208849354";"33.863052";"33.812706";"0.0072740414"
"1530208849419";"33.886368";"33.81321";"0.004963299"
"1530208849614";"33.863052";"33.813942";"0.0071514617"
"1530208849811";"33.886368";"33.814434";"0.004842188"
"1530208849877";"33.863052";"33.815155";"0.007031418"
"1530208849941";"33.886368";"33.815636";"0.0047233514"
"1530208850025";"33.863052";"33.81634";"0.006914016"
"1530208850090";"33.83974";"33.816807";"0.0046075336"
"1530208850155";"33.863052";"33.817036";"0.0022835026"
"1530208850285";"33.83974";"33.817497";"0.0044931564"
"1530208850349";"33.863052";"33.81772";"0.0022153181"
"1530208850420";"33.886368";"33.818172";"0.004426387"
"1530208851094";"33.909687";"33.818855";"0.006664951"
"1530208851140";"33.886368";"33.819763";"0.008882877"
"1530208851202";"33.909687";"33.82043";"0.006555508"
"1530208851288";"33.886368";"33.821323";"0.008728802"
"1530208851468";"33.909687";"33.821976";"0.006402642"
"1530208851555";"33.886368";"33.822853";"0.008577401"
"1530208851620";"33.863052";"33.823486";"0.006253168"
"1530208851687";"33.886368";"33.823883";"0.003908668"
"1530208851817";"33.863052";"33.82451";"0.0061058803"
"1530208851883";"33.886368";"33.824894";"0.0038080178"
"1530208851950";"33.909687";"33.82551";"0.006006989"
"1530208852020";"33.886368";"33.82635";"0.008230846"
"1530208852283";"33.909687";"33.82695";"0.005910461"
"1530208852348";"33.886368";"33.827778";"0.008089981"
"1530208852437";"33.909687";"33.828365";"0.0057704523"
"1530208852614";"33.886368";"33.829178";"0.0079514235"
"1530208852677";"33.909687";"33.82975";"0.005633458"
"1530208853158";"33.886368";"33.83055";"0.007815513"
"1530208853224";"33.909687";"33.83111";"0.00549911"
"1530208853352";"33.933014";"33.831894";"0.007682621"
"1530208853415";"33.909687";"33.832905";"0.009891004"
"1530208853482";"33.933014";"33.83367";"0.0075528547"
"1530208853549";"33.909687";"33.834663";"0.009717293"
"1530208853614";"33.886368";"33.835415";"0.007380337"
"1530208853882";"33.933014";"33.835926";"0.0050232145"
"1530208853947";"33.886368";"33.8369";"0.009481016"
"1530208854010";"33.909687";"33.837395";"0.0049163187"
"1530208854350";"33.886368";"33.83812";"0.0070667933"
"1530208854480";"33.909687";"33.8386";"0.0047580632"
"1530208854482";"33.886368";"33.83931";"0.0069487425"
"1530208854612";"33.909687";"33.83978";"0.0046414905"
"1530208854677";"33.886368";"33.840477";"0.006833232"
"1530208854808";"33.933014";"33.840935";"0.004527192"
"1530208855022";"33.909687";"33.841854";"0.00899099"
"1530208855151";"33.886368";"33.842533";"0.0066757374"
"1530208855216";"33.909687";"33.84297";"0.004326482"
"1530208855453";"33.886368";"33.84364";"0.006520313"
"1530208855605";"33.909687";"33.844067";"0.004217532"
"1530208855890";"33.933014";"33.844723";"0.00641311"
"1530208855955";"33.886368";"33.845604";"0.008634061"
"1530208856020";"33.909687";"33.846012";"0.0040678713"
"1530208856149";"33.933014";"33.84665";"0.0062227775"
"1530208856211";"33.909687";"33.84751";"0.008445287"
"1530208856415";"33.886368";"33.848133";"0.0061218287"
"1530208856567";"33.909687";"33.848515";"0.003778607"
"1530208856612";"33.933014";"33.849125";"0.0059775524"
"1530208856678";"33.909687";"33.849964";"0.008202524"
"1530208856828";"33.933014";"33.850563";"0.0058814147"
"1530208856895";"33.886368";"33.851387";"0.008062037"
"1530208856961";"33.909687";"33.851738";"0.003505143"
"1530208857090";"33.933014";"33.852318";"0.005661945"
"1530208857155";"33.909687";"33.853127";"0.007889551"
"1530208857286";"33.933014";"33.85369";"0.005571949"
"1530208857351";"33.909687";"33.854485";"0.0077554784"
"1530208857453";"33.933014";"33.855038";"0.005438746"
"1530208857542";"33.909687";"33.855816";"0.0076237204"
"1530208857625";"33.933014";"33.856354";"0.005308557"
"1530208857691";"33.909687";"33.85712";"0.0074946093"
"1530208857818";"33.933014";"33.857647";"0.0051806425"
"1530208857884";"33.909687";"33.858402";"0.0073677655"
"1530208857949";"33.886368";"33.858913";"0.00505537"
"1530208858014";"33.909687";"33.859188";"0.002724615"
"1530208858080";"33.886368";"33.85969";"0.004932268"
"1530208858144";"33.909687";"33.85996";"0.0026477457"
"1530208858274";"33.886368";"33.860455";"0.004856807"
"1530208858363";"33.933014";"33.860714";"0.0025732494"
"1530208858454";"33.886368";"33.86144";"0.007055117"
"1530208858478";"33.933014";"33.861687";"0.0025314786"
"1530208858564";"33.886368";"33.8624";"0.0069603357"
"1530208858736";"33.933014";"33.86264";"0.0024386784"
"1530208858820";"33.909687";"33.863342";"0.0068672486"
"1530208858952";"33.886368";"33.863804";"0.004571539"
"1530208859087";"33.933014";"33.86403";"0.0022474483"
"1530208859350";"33.909687";"33.86472";"0.0067310203"
"1530208859499";"33.933014";"33.86517";"0.0044365013"
"1530208859565";"33.909687";"33.86585";"0.0066309"
"1530208859632";"33.933014";"33.866287";"0.004326164"
"1530208859696";"33.909687";"33.866955";"0.006521436"
"1530208860025";"33.933014";"33.867382";"0.0042179204"
"1530208860090";"33.909687";"33.86804";"0.0064142374"
"1530208860364";"33.886368";"33.868454";"0.0041119475"
"1530208860466";"33.933014";"33.868633";"0.0017946593"
"1530208860489";"33.909687";"33.869278";"0.006280796"
"1530208860691";"33.933014";"33.869682";"0.003990356"
"1530208860756";"33.886368";"33.870316";"0.006188902"
"1530208860821";"33.933014";"33.870476";"0.0016833238"
"1530208860886";"33.909687";"33.8711";"0.00610094"
"1530208861083";"33.933014";"33.871487";"0.0038120188"
"1530208861149";"33.909687";"33.8721";"0.0060122646"
"1530208861278";"33.933014";"33.87248";"0.003714167"
"1530208861344";"33.909687";"33.873085";"0.005914894"
"1530208861463";"33.933014";"33.87345";"0.0036180401"
"1530208861487";"33.95635";"33.874046";"0.0058197863"
"1530208861686";"33.909687";"33.87487";"0.0080469735"
"1530208861817";"33.933014";"33.875217";"0.0034894384"
"1530208861949";"33.909687";"33.875797";"0.0056468463"
"1530208862013";"33.933014";"33.876137";"0.0033527226"
"1530208862080";"33.886368";"33.876705";"0.005556747"
"1530208862212";"33.909687";"33.8768";"0.0010940352"
"1530208862365";"33.886368";"33.87713";"0.0032089942"
"1530208862526";"33.909687";"33.87722";"9.565128E-4"
"1530208862681";"33.886368";"33.877544";"0.0031676153"
"1530208862749";"33.909687";"33.877632";"9.1694575E-4"
"1530208862835";"33.886368";"33.877953";"0.0031273088"
"1530208862880";"33.909687";"33.878036";"8.7823137E-4"
"1530208862945";"33.886368";"33.878353";"0.0030877583"
"1530208863033";"33.909687";"33.878433";"8.403675E-4"
"1530208863142";"33.933014";"33.878746";"0.003048964"
"1530208863229";"33.909687";"33.879288";"0.0053010075"
"1530208863703";"33.933014";"33.879593";"0.0030114106"
"1530208863748";"33.909687";"33.880127";"0.005218261"
"1530208863901";"33.933014";"33.88042";"0.0029296936"
"1530208863946";"33.909687";"33.880947";"0.0051371367"
"1530208864075";"33.886368";"33.881233";"0.002849498"
"1530208864162";"33.909687";"33.881283";"5.7627074E-4"
"1530208864363";"33.886368";"33.881565";"0.0027707168"
"1530208864498";"33.909687";"33.881615";"5.4403994E-4"
"1530208864568";"33.886368";"33.881897";"0.0027379668"
"1530208864677";"33.909687";"33.881943";"5.147421E-4"
"1530208864741";"33.933014";"33.88222";"0.0027059761"
"1530208864829";"33.909687";"33.88273";"0.004960681"
"1530208865350";"33.933014";"33.883";"0.0026752264"
"1530208865421";"33.909687";"33.8835";"0.004884722"
"1530208865552";"33.933014";"33.883762";"0.002599977"
"1530208865617";"33.886368";"33.884254";"0.004810022"
"1530208865682";"33.909687";"33.884277";"5.2322575E-4"
"1530208865833";"33.933014";"33.884533";"0.0024783271"
"1530208865963";"33.909687";"33.885017";"0.004734329"
"1530208866156";"33.886368";"33.885265";"0.002451772"
"1530208866221";"33.909687";"33.885277";"2.6769613E-4"
"1530208866825";"33.886368";"33.88552";"0.0023806028"
"1530208867017";"33.933014";"33.88553";"2.5200524E-4"
"1530208867212";"33.886368";"33.886";"0.0046309596"
"1530208867296";"33.909687";"33.886005";"4.6446978E-4"
"1530208867361";"33.886368";"33.886242";"0.0023099002"
"1530208867430";"33.909687";"33.886242";"2.3132261E-4"
"1530208867625";"33.886368";"33.886475";"0.0022866288"
"1530208867690";"33.909687";"33.886475";"2.2890481E-4"
"1530208867824";"33.933014";"33.886707";"0.0022637062"
"1530208867892";"33.909687";"33.88717";"0.004521578"
"1530208868026";"33.933014";"33.887394";"0.0022420208"
"1530208868155";"33.909687";"33.88785";"0.0044542924"
"1530208868281";"33.886368";"33.88807";"0.0021755311"
"1530208868564";"33.909687";"33.888054";"2.7370456E-4"
"1530208868693";"33.933014";"33.88827";"0.0021097055"
"1530208868758";"33.909687";"33.888718";"0.004368446"
"1530208868822";"33.886368";"33.888927";"0.002091037"
"1530208869098";"33.909687";"33.8889";"3.25542E-4"
"1530208869226";"33.933014";"33.889107";"0.0020274974"
"1530208869291";"33.909687";"33.889545";"0.004286606"
"1530208869355";"33.933014";"33.889748";"0.0020103408"
"1530208869477";"33.909687";"33.89018";"0.004224218"
"1530208869501";"33.886368";"33.890373";"0.0019488155"
"1530208869572";"33.909687";"33.890335";"4.3668936E-4"
"1530208869617";"33.933014";"33.89053";"0.001887582"
"1530208869685";"33.909687";"33.890953";"0.0041474495"
"1530208869751";"33.933014";"33.89114";"0.00187344"
"1530208870012";"33.909687";"33.89156";"0.004087701"
"1530208870296";"33.933014";"33.891743";"0.0018142348"
"1530208870477";"33.909687";"33.892155";"0.004028874"
"1530208870563";"33.886368";"33.89233";"0.0017565452"
"1530208870822";"33.909687";"33.89227";"6.0726324E-4"
"1530208871080";"33.886368";"33.892445";"0.0016995296"
"1530208871165";"33.909687";"33.892384";"6.164667E-4"
"1530208871363";"33.886368";"33.892555";"0.0016886728"
"1530208871429";"33.933014";"33.892494";"6.2665524E-4"
"1530208871492";"33.909687";"33.8929";"0.00395201"
"1530208871557";"33.886368";"33.893066";"0.0016842184"
"1530208871688";"33.909687";"33.892998";"6.7444204E-4"
"1530208871969";"33.933014";"33.893166";"0.0016288222"
"1530208872033";"33.909687";"33.893562";"0.0038895428"
"1530208872098";"33.933014";"33.893723";"0.0016199516"
"1530208872163";"33.909687";"33.894115";"0.003835068"
"1530208872293";"33.933014";"33.89427";"0.0015661357"
"1530208872379";"33.909687";"33.89466";"0.0037811561"
"1530208872483";"33.933014";"33.89481";"0.0015134659"
"1530208872567";"33.909687";"33.89519";"0.0037287532"
"1530208872610";"33.933014";"33.895336";"0.0014619672"
"1530208872695";"33.909687";"33.895714";"0.0036771083"
"1530208872761";"33.886368";"33.895855";"0.0014112594"
"1530208872825";"33.933014";"33.89576";"9.358284E-4"
"1530208872890";"33.886368";"33.896133";"0.0036340724"
"1530208872954";"33.933014";"33.896034";"0.0010191728"
"1530208873048";"33.909687";"33.896404";"0.003607628"
"1530208873224";"33.933014";"33.896538";"0.0013445545"
"1530208873288";"33.909687";"33.896904";"0.0035595035"
"1530208873375";"33.886368";"33.897034";"0.001296233"
"1530208873452";"33.909687";"33.896927";"0.0010481552"
"1530208873495";"33.886368";"33.897053";"0.0012489299"
"1530208873560";"33.909687";"33.896946";"0.0010494462"
"1530208873751";"33.933014";"33.89707";"0.0012470685"
"1530208873814";"33.909687";"33.89743";"0.0035073257"
"1530208873899";"33.886368";"33.897552";"0.0012456938"
"1530208873965";"33.909687";"33.89744";"0.0010979268"
"1530208874094";"33.886368";"33.897564";"0.0011992082"
"1530208874158";"33.909687";"33.897453";"0.0010985296"
"1530208874223";"33.886368";"33.897575";"0.0011980912"
"1530208874444";"33.909687";"33.897465";"0.001099638"
"1530208874487";"33.933014";"33.897587";"0.0011969788"
"1530208874551";"33.909687";"33.89794";"0.0034568289"
"1530208874617";"33.886368";"33.89806";"0.001196353"
"1530208874682";"33.909687";"33.89794";"0.0011463219"
"1530208874833";"33.886368";"33.89806";"0.001151045"
"1530208874898";"33.933014";"33.89794";"0.0011458579"
"1530208875025";"33.909687";"33.898293";"0.0034221048"
"1530208875092";"33.933014";"33.898407";"0.0011626324"
"1530208875159";"33.886368";"33.898754";"0.0033767207"
"1530208875243";"33.909687";"33.898632";"0.0012543793"
"1530208875290";"33.933014";"33.898743";"0.0010853343"
"1530208875444";"33.886368";"33.899086";"0.0033437891"
"1530208875471";"33.933014";"33.89896";"0.0012846702"
"1530208875495";"33.909687";"33.8993";"0.0033234684"
"1530208875560";"33.886368";"33.899403";"0.001066177"
"1530208875687";"33.909687";"33.899273";"0.0012756662"
"1530208875901";"33.886368";"33.899376";"0.0010236644"
"1530208875965";"33.909687";"33.899246";"0.0012726961"
"1530208876095";"33.886368";"33.89935";"0.0010262374"
"1530208876226";"33.933014";"33.89922";"0.001270095"
"1530208876294";"33.909687";"33.89956";"0.0032978794"
"1530208876379";"33.886368";"33.899662";"0.0010411155"
"1530208876501";"33.909687";"33.89953";"0.0013005527"
"1530208876630";"33.886368";"33.89963";"9.990104E-4"
"1530208876718";"33.909687";"33.899498";"0.0012972254"
"1530208876951";"33.933014";"33.8996";"0.0010019479"
"1530208877164";"33.909687";"33.899937";"0.0032597727"
"1530208877357";"33.886368";"33.900036";"0.0010050122"
"1530208877463";"33.933014";"33.8999";"0.0013366116"
"1530208877486";"33.886368";"33.90023";"0.0032320637"
"1530208877570";"33.933014";"33.900093";"0.0013900878"
"1530208877634";"33.909687";"33.90042";"0.0032135185"
"1530208877697";"33.933014";"33.900513";"9.591426E-4"
"1530208877780";"33.909687";"33.900837";"0.0031710034"
"1530208877828";"33.886368";"33.900925";"9.195314E-4"
"1530208877892";"33.933014";"33.90078";"0.0014226037"
"1530208877956";"33.909687";"33.9011";"0.0031468421"
"1530208878172";"33.933014";"33.901188";"8.94386E-4"
"1530208878236";"33.886368";"33.901505";"0.0031050825"
"1530208878461";"33.933014";"33.901352";"0.0015083008"
"1530208878569";"33.886368";"33.90167";"0.0030913183"
"1530208878701";"33.909687";"33.901516";"0.0015238363"
"1530208878767";"33.886368";"33.901596";"8.1142824E-4"
"1530208878831";"33.909687";"33.901443";"0.0014872267"
"1530208878895";"33.886368";"33.901527";"8.173986E-4"
"1530208878961";"33.909687";"33.901375";"0.0014805059"
"1530208879046";"33.933014";"33.90146";"8.2392927E-4"
"1530208879090";"33.886368";"33.901775";"0.003078218"
"1530208879154";"33.909687";"33.901623";"0.0015338769"
"1530208879306";"33.886368";"33.901703";"8.012881E-4"
"1530208879507";"33.909687";"33.90155";"0.0014976779"
"1530208879571";"33.886368";"33.90163";"8.076176E-4"
"1530208879701";"33.909687";"33.901478";"0.0014905828"
"1530208879765";"33.886368";"33.90156";"8.141348E-4"
"1530208879830";"33.909687";"33.90141";"0.0014838647"
"1530208879894";"33.886368";"33.901493";"8.2066335E-4"
"1530208879958";"33.933014";"33.90134";"0.0014771473"
"1530208880022";"33.909687";"33.901657";"0.0030922939"
"1530208880171";"33.933014";"33.901737";"8.419321E-4"
"1530208880405";"33.886368";"33.90205";"0.003051222"
"1530208880495";"33.909687";"33.901894";"0.001559492"
"1530208880558";"33.933014";"33.90197";"7.759983E-4"
"1530208880644";"33.909687";"33.90228";"0.0030285087"
"1530208880688";"33.886368";"33.90235";"7.8348926E-4"
"1530208880754";"33.909687";"33.90219";"0.0015606288"
"1530208880816";"33.933014";"33.902267";"7.4733375E-4"
"1530208880901";"33.886368";"33.902576";"0.0029991362"
"1530208880967";"33.909687";"33.902416";"0.0016090289"
"1530208881032";"33.933014";"33.90249";"7.2709005E-4"
"1530208881096";"33.886368";"33.902794";"0.0029776746"
"1530208881396";"33.909687";"33.90263";"0.0016293139"
"1530208881460";"33.886368";"33.902702";"7.0704916E-4"
"1530208881502";"33.909687";"33.90254";"0.0015944237"
"1530208881694";"33.886368";"33.90261";"7.1504165E-4"
"1530208881758";"33.909687";"33.902447";"0.0015854501"
"1530208881842";"33.886368";"33.90252";"7.236386E-4"
"1530208881909";"33.909687";"33.90236";"0.0015768557"
"1530208881973";"33.933014";"33.90243";"7.318879E-4"
"1530208882038";"33.886368";"33.902737";"0.002983321"
"1530208882102";"33.909687";"33.902573";"0.0016238764"
"1530208882233";"33.933014";"33.902645";"7.124109E-4"
"1530208882297";"33.909687";"33.90295";"0.0029622372"
"1530208882383";"33.886368";"33.90302";"7.205392E-4"
"1530208882448";"33.933014";"33.90285";"0.0016252657"
"1530208882493";"33.909687";"33.903152";"0.0029459517"
"1530208882707";"33.933014";"33.903217";"7.0208823E-4"
"1530208882841";"33.909687";"33.903515";"0.0029066156"
"1530208882969";"33.933014";"33.903576";"6.684706E-4"
"1530208883035";"33.886368";"33.90387";"0.0028716"
"1530208883100";"33.933014";"33.903694";"0.0017307003"
"1530208883165";"33.909687";"33.903988";"0.0028644064"
"1530208883294";"33.886368";"33.904045";"6.252268E-4"
"1530208883710";"33.909687";"33.90387";"0.0017251294"
"1530208883754";"33.886368";"33.903927";"5.9304654E-4"
"1530208883839";"33.909687";"33.90375";"0.0017133742"
"1530208883911";"33.886368";"33.903812";"6.0350605E-4"
"1530208884103";"33.909687";"33.903637";"0.0017021449"
"1530208884294";"33.886368";"33.903698";"6.1401114E-4"
"1530208884358";"33.909687";"33.903526";"0.0016912925"
"1530208884422";"33.886368";"33.903587";"6.241935E-4"
"1530208884488";"33.933014";"33.903416";"0.00168044"
"1530208884552";"33.886368";"33.903713";"0.0028911158"
"1530208884637";"33.909687";"33.90354";"0.0017162076"
"1530208884708";"33.886368";"33.903603";"6.234281E-4"
"1530208884772";"33.909687";"33.90343";"0.0016819392"
"1530208884837";"33.886368";"33.903492";"6.3299213E-4"
"1530208885034";"33.909687";"33.90332";"0.0016710857"
"1530208885101";"33.886368";"33.903385";"6.4285833E-4"
"1530208885230";"33.909687";"33.903214";"0.0016606099"
"1530208885296";"33.886368";"33.90328";"6.5275637E-4"
"1530208885361";"33.933014";"33.90311";"0.0016505107"
"1530208885448";"33.909687";"33.903408";"0.002920956"
"1530208885624";"33.933014";"33.90347";"6.785767E-4"
"1530208885710";"33.909687";"33.903763";"0.002882142"
"1530208885969";"33.886368";"33.903824";"6.4546656E-4"
"1530208886035";"33.909687";"33.90365";"0.0017034253"
"1530208886098";"33.886368";"33.90371";"6.129637E-4"
"1530208886381";"33.909687";"33.903538";"0.0016924152"
"1530208886482";"33.886368";"33.9036";"6.2313897E-4"
"1530208886835";"33.863052";"33.903427";"0.0016815627"
"1530208886900";"33.886368";"33.903023";"0.0039408235"
"1530208887098";"33.909687";"33.902855";"0.0016711726"
"1530208887377";"33.886368";"33.902924";"6.868663E-4"
"1530208887474";"33.909687";"33.90276";"0.0016161096"
"1530208887580";"33.886368";"33.90283";"6.946802E-4"
"1530208887775";"33.909687";"33.902664";"0.0016067578"
"1530208887839";"33.863052";"33.902733";"7.0360577E-4"
"1530208887902";"33.886368";"33.902336";"0.0038702367"
"1530208888247";"33.83974";"33.902176";"0.0016045335"
"1530208888311";"33.886368";"33.90155";"0.0060905856"
"1530208888375";"33.863052";"33.901398";"0.001600887"
"1530208888475";"33.83974";"33.901012";"0.0037426332"
"1530208888497";"33.863052";"33.9004";"0.0059867017"
"1530208888645";"33.886368";"33.900024";"0.0036907636"
"1530208888841";"33.863052";"33.899887";"0.0013818986"
"1530208889034";"33.886368";"33.899517";"0.0035945664"
"1530208889307";"33.863052";"33.899387";"0.0013318983"
"1530208889569";"33.83974";"33.899025";"0.003545938"
"1530208889632";"33.863052";"33.898434";"0.0057923384"
"1530208889716";"33.886368";"33.89808";"0.0034985302"
"1530208889779";"33.863052";"33.89796";"0.0011943307"
"1530208889822";"33.886368";"33.89761";"0.0034061226"
"1530208889905";"33.863052";"33.8975";"0.0011481598"
"1530208890034";"33.886368";"33.897156";"0.003361274"
"1530208890098";"33.863052";"33.89705";"0.0011045211"
"1530208890161";"33.886368";"33.89671";"0.0033171875"
"1530208890287";"33.83974";"33.896606";"0.0010616971"
"1530208890488";"33.863052";"33.896038";"0.005546512"
"1530208890509";"33.886368";"33.89571";"0.0032643643"
"1530208890634";"33.863052";"33.89562";"9.6792966E-4"
"1530208890696";"33.886368";"33.895294";"0.003177415"
"1530208890758";"33.863052";"33.895206";"9.2680886E-4"
"1530208890842";"33.83974";"33.894886";"0.0031371033"
"1530208890968";"33.863052";"33.894333";"0.005386673"
"1530208891180";"33.83974";"33.89402";"0.0030976317"
"1530208891307";"33.863052";"33.89348";"0.005302415"
"1530208891370";"33.886368";"33.893173";"0.0030140248"
"1530208891465";"33.863052";"33.893105";"7.288366E-4"
"1530208891571";"33.83974";"33.892803";"0.002931474"
"1530208891634";"33.863052";"33.892273";"0.0051829154"
"1530208891843";"33.886368";"33.89198";"0.002896157"
"1530208891969";"33.863052";"33.891922";"6.190364E-4"
"1530208892178";"33.83974";"33.891632";"0.0028158894"
"1530208892242";"33.863052";"33.891113";"0.0050682155"
"1530208892369";"33.83974";"33.89083";"0.0027828403"
"1530208892473";"33.886368";"33.89032";"0.004989994"
"1530208892495";"33.863052";"33.89028";"6.305832E-4"
"1530208892828";"33.886368";"33.89001";"0.0026562586"
"1530208892914";"33.863052";"33.889973";"4.4345195E-4"
"1530208892983";"33.886368";"33.8897";"0.002625448"
"1530208893026";"33.863052";"33.889668";"4.1782408E-4"
"1530208893175";"33.886368";"33.8894";"0.0025957245"
"1530208893237";"33.863052";"33.88937";"3.9348565E-4"
"1530208893301";"33.886368";"33.889107";"0.0025667562"
"1530208893409";"33.863052";"33.88908";"3.7048678E-4"
"1530208893653";"33.886368";"33.88882";"0.0025385427"
"1530208893698";"33.863052";"33.888798";"3.48906E-4"
"1530208893783";"33.886368";"33.888542";"0.002511084"
"1530208893827";"33.863052";"33.88852";"3.2858737E-4"
"1530208893957";"33.886368";"33.888264";"0.0024836285"
"1530208894106";"33.83974";"33.888245";"3.0961723E-4"
"1530208894170";"33.863052";"33.88776";"0.0047301934"
"1530208894299";"33.83974";"33.887512";"0.0024553793"
"1530208894382";"33.863052";"33.887035";"0.0046651633"
"1530208894535";"33.886368";"33.886795";"0.0023848177"
"1530208894642";"33.83974";"33.88679";"2.4210173E-4"
"1530208894706";"33.863052";"33.886322";"0.0045884936"
"1530208894770";"33.886368";"33.88609";"0.002315153"
"1530208894843";"33.863052";"33.886093";"2.3309074E-4"
"1530208894970";"33.83974";"33.885864";"0.0022471778"
"1530208895034";"33.863052";"33.885403";"0.004503481"
"1530208895162";"33.886368";"33.885178";"0.0022254626"
"1530208895377";"33.863052";"33.88519";"2.510149E-4"
"1530208895570";"33.886368";"33.884968";"0.0021588986"
"1530208895635";"33.863052";"33.884983";"2.5537E-4"
"1530208895782";"33.886368";"33.884766";"0.0021389897"
"1530208895845";"33.863052";"33.88478";"2.6492975E-4"
"1530208896037";"33.886368";"33.884563";"0.0021190876"
"1530208896121";"33.863052";"33.884583";"2.7537407E-4"
"1530208896164";"33.886368";"33.88437";"0.0020999387"
"1530208896247";"33.863052";"33.884388";"2.8658405E-4"
"1530208896396";"33.886368";"33.884174";"0.0020807916"
"1530208896460";"33.83974";"33.884197";"2.983472E-4"
"1530208896503";"33.863052";"33.88375";"0.004335269"
"1530208896566";"33.886368";"33.883545";"0.0020646222"
"1530208896651";"33.863052";"33.88357";"3.442242E-4"
"1530208896696";"33.83974";"33.883366";"0.0020012287"
"1530208896780";"33.863052";"33.88293";"0.0042590816"
"1530208896845";"33.83974";"33.882732";"0.0019847916"
"1530208896973";"33.863052";"33.8823";"0.0041970722"
"1530208897102";"33.886368";"33.88211";"0.0019236517"
"1530208897166";"33.863052";"33.882153";"4.5761286E-4"
"1530208897230";"33.886368";"33.88196";"0.0018632143"
"1530208897295";"33.863052";"33.882008";"4.6816928E-4"
"1530208897378";"33.886368";"33.881817";"0.0018489661"
"1530208897485";"33.863052";"33.881863";"4.8075247E-4"
"1530208897638";"33.886368";"33.881676";"0.0018351"
"1530208897766";"33.863052";"33.88172";"4.930975E-4"
"1530208897981";"33.886368";"33.881535";"0.0018212346"
"1530208898045";"33.83974";"33.881584";"5.0517684E-4"
"1530208898109";"33.863052";"33.881165";"0.0040807123"
"1530208898176";"33.886368";"33.880985";"0.0018129791"
"1530208898260";"33.863052";"33.88104";"5.553651E-4"
"1530208898489";"33.83974";"33.88086";"0.0017549361"
"1530208898511";"33.863052";"33.880447";"0.004013595"
"1530208898705";"33.83974";"33.880272";"0.0017430286"
"1530208898769";"33.886368";"33.879868";"0.003956482"
"1530208898834";"33.83974";"33.879932";"7.472483E-4"
"1530208898901";"33.863052";"33.87953";"0.003920286"
"1530208899119";"33.886368";"33.879368";"0.0016542571"
"1530208899250";"33.863052";"33.879436";"7.0251425E-4"
"1530208899316";"33.886368";"33.879272";"0.0015992838"
"1530208899380";"33.863052";"33.879345";"7.1002374E-4"
"1530208899515";"33.886368";"33.87918";"0.0015903076"
"1530208899581";"33.863052";"33.879253";"7.1861397E-4"
"1530208899776";"33.886368";"33.879093";"0.0015817125"
"1530208899841";"33.863052";"33.879166";"7.2685716E-4"
"1530208899907";"33.886368";"33.879005";"0.0015731169"
"1530208900038";"33.863052";"33.879078";"7.351106E-4"
"1530208900103";"33.83974";"33.878918";"0.0015645222"
"1530208900168";"33.863052";"33.878525";"0.0038235746"
"1530208900234";"33.886368";"33.87837";"0.0015563824"
"1530208900406";"33.863052";"33.87845";"7.954565E-4"
"1530208900482";"33.83974";"33.878296";"0.0015036506"
"1530208900506";"33.886368";"33.87791";"0.00376288"
"1530208900573";"33.863052";"33.877995";"9.0657803E-4"
"1530208900832";"33.83974";"33.877846";"0.0014600224"
"1530208900983";"33.863052";"33.877464";"0.0037187778"
"1530208901182";"33.83974";"33.87732";"0.0014537199"
"1530208901247";"33.863052";"33.87694";"0.0036673136"
"1530208901312";"33.886368";"33.876804";"0.0014033862"
"1530208901398";"33.83974";"33.8769";"9.431409E-4"
"1530208901460";"33.863052";"33.87653";"0.003625076"
"1530208901503";"33.83974";"33.876396";"0.0013634881"
"1530208901568";"33.886368";"33.87603";"0.0035772235"
"1530208901652";"33.863052";"33.876133";"0.0010697527"
"1530208901846";"33.886368";"33.876003";"0.0012801894"
"1530208901913";"33.863052";"33.876106";"0.0010188745"
"1530208902043";"33.886368";"33.875977";"0.0012771523"
"1530208902106";"33.83974";"33.87608";"0.001021446"
"1530208902172";"33.863052";"33.875717";"0.0035452833"
"1530208902312";"33.886368";"33.87559";"0.0012850042"
"1530208902376";"33.863052";"33.875698";"0.0010588327"
"1530208902512";"33.886368";"33.875572";"0.001237788"
"1530208902578";"33.863052";"33.87568";"0.001060136"
"1530208902836";"33.886368";"33.875553";"0.0012359272"
"1530208902923";"33.863052";"33.87566";"0.0010619803"
"1530208902967";"33.886368";"33.875534";"0.0012340712"
"1530208903052";"33.863052";"33.87564";"0.0010638249"
"1530208903117";"33.83974";"33.875515";"0.0012322153"
"1530208903185";"33.886368";"33.875156";"0.00349075"
"1530208903314";"33.83974";"33.875267";"0.0011478347"
"1530208903380";"33.863052";"33.874912";"0.0034664266"
"1530208903457";"33.886368";"33.874794";"0.0012074246"
"1530208903523";"33.863052";"33.87491";"0.0011352284"
"1530208903653";"33.83974";"33.87479";"0.0011617794"
"1530208903697";"33.863052";"33.87444";"0.0034199052"
"1530208904321";"33.83974";"33.874325";"0.0011618494"
"1530208904774";"33.863052";"33.873978";"0.0033744648"
"1530208904903";"33.83974";"33.873867";"0.0011174538"
"1530208905468";"33.816437";"33.873528";"0.0033299995"
"1530208905515";"33.83974";"33.872955";"0.00557724"
"1530208905773";"33.816437";"33.872623";"0.003286734"
"1530208905836";"33.79314";"33.872063";"0.00548921"
"1530208905921";"33.816437";"33.871273";"0.007715908"
"1530208906048";"33.83974";"33.870724";"0.005402849"
"1530208906114";"33.79314";"33.870415";"0.0030694273"
"1530208906179";"33.816437";"33.86964";"0.00754178"
"1530208906244";"33.79314";"33.86911";"0.005243047"
"1530208906309";"33.83974";"33.86835";"0.007427053"
"1530208906409";"33.816437";"33.868065";"0.002887195"
"1530208906652";"33.83974";"33.86755";"0.0050431066"
"1530208906716";"33.816437";"33.86727";"0.0027583677"
"1530208906781";"33.83974";"33.866764";"0.0049650962"
"1530208906846";"33.79314";"33.866493";"0.0026815855"
"1530208906912";"33.816437";"33.86576";"0.0071584056"
"1530208906978";"33.83974";"33.86527";"0.0048631034"
"1530208907042";"33.816437";"33.865013";"0.0025364792"
"1530208907105";"33.79314";"33.86453";"0.0047440175"
"1530208907192";"33.816437";"33.863815";"0.006977888"
"1530208907420";"33.79314";"33.863342";"0.0046727643"
"1530208907486";"33.816437";"33.86264";"0.0068619368"
"1530208907572";"33.79314";"33.86218";"0.004557714"
"1530208907639";"33.83974";"33.86149";"0.0067479373"
"1530208907705";"33.79314";"33.86127";"0.0022255657"
"1530208907772";"33.816437";"33.860588";"0.0066475747"
"1530208907858";"33.83974";"33.860146";"0.0043564974"
"1530208907901";"33.816437";"33.859943";"0.002037163"
"1530208907967";"33.79314";"33.85951";"0.004247617"
"1530208908309";"33.769848";"33.858845";"0.0064860485"
"1530208908405";"33.79314";"33.857956";"0.008703178"
"1530208908590";"33.769848";"33.857307";"0.00638033"
"1530208908717";"33.79314";"33.856434";"0.008552877"
"1530208908783";"33.769848";"33.8558";"0.0062312433"
"1530208908856";"33.79314";"33.854942";"0.008405252"
"1530208908978";"33.74656";"33.854324";"0.006085176"
"1530208909048";"33.79314";"33.85325";"0.010526914"
"1530208909113";"33.74656";"33.852646";"0.00595529"
"1530208909178";"33.769848";"33.851585";"0.0103626065"
"1530208909244";"33.79314";"33.85077";"0.008038116"
"1530208909329";"33.769848";"33.850193";"0.00567709"
"1530208909572";"33.74656";"33.84939";"0.007855554"
"1530208909703";"33.769848";"33.84836";"0.010058308"
"1530208909791";"33.79314";"33.847572";"0.007721939"
"1530208909855";"33.74656";"33.847027";"0.005363888"
"1530208909964";"33.79314";"33.846024";"0.009812291"
"1530208910051";"33.769848";"33.845493";"0.0052494784"
"1530208910121";"33.74656";"33.844738";"0.007395614"
"1530208910255";"33.72328";"33.843758";"0.009602937"
"1530208910319";"33.74656";"33.842552";"0.011787755"
"1530208910407";"33.72328";"33.84159";"0.00943491"
"1530208910865";"33.700005";"33.84041";"0.01157591"
"1530208910909";"33.67674";"33.839005";"0.013740864"
"1530208910995";"33.700005";"33.837383";"0.015883638"
"1530208911083";"33.67674";"33.83601";"0.013490873"
"1530208911112";"33.700005";"33.834415";"0.015590227"
"1530208911319";"33.67674";"33.833073";"0.013200095"
"1530208911466";"33.653477";"33.83151";"0.015302455"
"1530208911531";"33.67674";"33.829727";"0.01742864"
"1530208911594";"33.700005";"33.828197";"0.01502071"
"1530208911640";"33.67674";"33.826916";"0.012591143"
"1530208911790";"33.653477";"33.825413";"0.014698976"
"1530208911991";"33.700005";"33.823692";"0.016831184"
"1530208912120";"33.67674";"33.822456";"0.012178825"
"1530208912188";"33.653477";"33.821";"0.014262286"
"1530208912257";"33.700005";"33.819324";"0.016398767"
"1530208912458";"33.67674";"33.81813";"0.011750835"
"1530208912527";"33.700005";"33.816715";"0.013838193"
"1530208912579";"33.67674";"33.815548";"0.011465273"
"1530208912644";"33.700005";"33.81416";"0.013584919"
"1530208912978";"33.72328";"33.81302";"0.011214908"
"1530208913043";"33.700005";"33.812122";"0.008822691"
"1530208913129";"33.72328";"33.811";"0.010969087"
"1530208913326";"33.74656";"33.810123";"0.008624264"
"1530208913484";"33.72328";"33.809486";"0.0062582786"
"1530208913657";"33.700005";"33.808624";"0.00842981"
"1530208913721";"33.72328";"33.807537";"0.010625846"
"1530208913918";"33.700005";"33.806694";"0.008284836"
"1530208913984";"33.72328";"33.805626";"0.010437033"
"1530208914114";"33.700005";"33.804802";"0.008097578"
"1530208914780";"33.67674";"33.803753";"0.01025163"
"1530208914845";"33.700005";"33.802483";"0.012428595"
"1530208915132";"33.72328";"33.801456";"0.01007038"
"1530208915198";"33.700005";"33.800674";"0.0076896856"
"1530208915481";"33.72328";"33.799667";"0.009847228"
"1530208915589";"33.700005";"33.798904";"0.007513911"
"1530208915852";"33.72328";"33.797916";"0.009673908"
"1530208916049";"33.700005";"33.79717";"0.0073421444"
"1530208916574";"33.67674";"33.796196";"0.009503619"
"1530208916658";"33.700005";"33.795002";"0.011688075"
"1530208917054";"33.67674";"33.794052";"0.009337477"
"1530208917140";"33.72328";"33.792877";"0.011478118"
"1530208917185";"33.700005";"33.792183";"0.0068833875"
"1530208917998";"33.67674";"33.79126";"0.009015296"
"1530208918061";"33.700005";"33.790115";"0.011204352"
"1530208918128";"33.653477";"33.789215";"0.008858711"
"1530208918195";"33.67674";"33.787857";"0.013266578"
"1530208918260";"33.700005";"33.786747";"0.010917133"
"1530208918324";"33.653477";"33.78588";"0.00852931"
"1530208918400";"33.67674";"33.784557";"0.012940075"
"1530208918466";"33.653477";"33.783478";"0.010593526"
"1530208918532";"33.67674";"33.782177";"0.012721643"
"1530208918776";"33.700005";"33.781124";"0.01036075"
"1530208918862";"33.653477";"33.78031";"0.007978103"
"1530208918928";"33.67674";"33.779045";"0.012394661"
"1530208918975";"33.700005";"33.778023";"0.010053555"
"1530208919060";"33.67674";"33.77724";"0.0076741916"
"1530208919256";"33.700005";"33.776237";"0.009830999"
"1530208919322";"33.67674";"33.775475";"0.0074987975"
"1530208919578";"33.653477";"33.774487";"0.009657682"
"1530208919643";"33.67674";"33.773277";"0.011840259"
"1530208919861";"33.653477";"33.772312";"0.009488505"
"1530208919927";"33.700005";"33.771122";"0.011627281"
"1530208919992";"33.653477";"33.770412";"0.00703223"
"1530208920121";"33.67674";"33.76924";"0.011424912"
"1530208920450";"33.653477";"33.76832";"0.009092978"
"1530208920516";"33.67674";"33.76717";"0.011236065"
"1530208920846";"33.653477";"33.766266";"0.00889005"
"1530208921714";"33.63022";"33.765137";"0.011034799"
"1530208921780";"33.653477";"33.763786";"0.0132031245"
"1530208921997";"33.63022";"33.762684";"0.010838037"
"1530208922062";"33.653477";"33.76136";"0.012963331"
"1530208922322";"33.63022";"33.76028";"0.010600151"
"1530208922463";"33.653477";"33.75898";"0.012727689"
"1530208922527";"33.63022";"33.757923";"0.010366792"
"1530208922593";"33.653477";"33.756645";"0.0124965785"
"1530208922657";"33.63022";"33.755615";"0.010138339"
"1530208922722";"33.653477";"33.75436";"0.012270379"
"1530208922788";"33.63022";"33.753353";"0.009914425"
"1530208922852";"33.653477";"33.75212";"0.012048711"
"1530208922920";"33.63022";"33.751133";"0.00969467"
"1530208923071";"33.653477";"33.749924";"0.011831199"
"1530208923244";"33.63022";"33.74896";"0.0094794445"
"1530208923467";"33.653477";"33.747772";"0.011618218"
"1530208923598";"33.606968";"33.74683";"0.009268752"
"1530208923663";"33.653477";"33.74543";"0.013670491"
"1530208923727";"33.606968";"33.74451";"0.009070789"
"1530208923791";"33.63022";"33.743134";"0.013443462"
"1530208923857";"33.653477";"33.742004";"0.01109309"
"1530208923923";"33.63022";"33.74112";"0.00870411"
"1530208923988";"33.653477";"33.74001";"0.010849777"
"1530208924120";"33.606968";"33.739143";"0.008507952"
"1530208924190";"33.653477";"33.737823";"0.012917812"
"1530208924254";"33.63022";"33.73698";"0.008326248"
"1530208924501";"33.606968";"33.735912";"0.010444479"
"1530208924524";"33.63022";"33.734623";"0.012617801"
"1530208924588";"33.606968";"33.733578";"0.010259161"
"1530208924717";"33.63022";"33.73231";"0.012389338"
"1530208924868";"33.606968";"33.73129";"0.010032606"
"1530208925001";"33.63022";"33.730045";"0.012165026"
"1530208925048";"33.606968";"33.729046";"0.009810581"
"1530208925522";"33.63022";"33.727825";"0.011945247"
"1530208925590";"33.606968";"33.72685";"0.009593089"
"1530208925854";"33.58372";"33.72565";"0.01173"
"1530208926182";"33.606968";"33.72423";"0.013890434"
"1530208926268";"33.58372";"33.72306";"0.011519617"
"1530208926332";"33.560482";"33.72167";"0.013637047"
"1530208926395";"33.58372";"33.720055";"0.015777545"
"1530208926533";"33.606968";"33.718693";"0.013388501"
"1530208926597";"33.58372";"33.717575";"0.010977173"
"1530208926661";"33.560482";"33.716236";"0.013099296"
"1530208926725";"33.606968";"33.71468";"0.015245433"
"1530208926853";"33.58372";"33.713604";"0.010614109"
"1530208927130";"33.606968";"33.712307";"0.012710581"
"1530208927195";"33.560482";"33.711254";"0.010350919"
"1530208927260";"33.58372";"33.709747";"0.014739581"
"1530208927522";"33.606968";"33.70849";"0.012378119"
"1530208927648";"33.58372";"33.707474";"0.009977283"
"1530208927925";"33.606968";"33.706238";"0.012109521"
"1530208927992";"33.58372";"33.705246";"0.009756201"
"1530208928127";"33.53725";"33.70403";"0.011890873"
"1530208928192";"33.560482";"33.702362";"0.016307516"
"1530208928257";"33.53725";"33.700943";"0.013931705"
"1530208928526";"33.514023";"33.699306";"0.0160238"
"1530208928723";"33.53725";"33.697453";"0.01813943"
"1530208928917";"33.514023";"33.69585";"0.015727637"
"1530208929002";"33.53725";"33.69403";"0.017801072"
"1530208929494";"33.560482";"33.692463";"0.015392285"
"1530208929536";"33.53725";"33.691143";"0.012962313"
"1530208929600";"33.514023";"33.689606";"0.015063434"
"1530208929726";"33.560482";"33.68785";"0.017188855"
"1530208929789";"33.514023";"33.686577";"0.012539186"
"1530208930000";"33.53725";"33.684853";"0.016874028"
"1530208930193";"33.560482";"33.683376";"0.014492509"
"1530208930278";"33.53725";"33.682148";"0.012071862"
"1530208930603";"33.560482";"33.6807";"0.014181628"
"1530208930666";"33.53725";"33.679497";"0.011808864"
"1530208930793";"33.514023";"33.678074";"0.013921804"
"1530208930857";"33.53725";"33.676434";"0.016058529"
"1530208930919";"33.560482";"33.67504";"0.013667566"
"1530208931003";"33.514023";"33.673897";"0.011255074"
"1530208931067";"33.53725";"33.6723";"0.015631314"
"1530208931131";"33.514023";"33.670948";"0.013262148"
"1530208931195";"33.560482";"33.66938";"0.015360642"
"1530208931257";"33.53725";"33.668293";"0.0107303"
"1530208931340";"33.514023";"33.66698";"0.012823886"
"1530208931436";"33.53725";"33.66545";"0.014971272"
"1530208931544";"33.560482";"33.66417";"0.0125913005"
"1530208931587";"33.53725";"33.66313";"0.0101894755"
"1530208931651";"33.514023";"33.661873";"0.012317985"
"1530208931736";"33.53725";"33.660393";"0.014470512"
"1530208931863";"33.514023";"33.65916";"0.012095474"
"1530208931926";"33.53725";"33.65771";"0.014205416"
"1530208932118";"33.514023";"33.656506";"0.011832652"
"1530208932202";"33.53725";"33.65508";"0.013944845"
"1530208932335";"33.514023";"33.6539";"0.011574735"
"1530208932473";"33.53725";"33.6525";"0.013689558"
"1530208932519";"33.514023";"33.65135";"0.011322106"
"1530208932870";"33.490803";"33.649975";"0.013439558"
"1530208932936";"33.514023";"33.648384";"0.015580425"
"1530208933396";"33.53725";"33.64704";"0.013195129"
"1530208933488";"33.490803";"33.645943";"0.010787591"
"1530208933533";"33.514023";"33.64439";"0.015167342"
"1530208933664";"33.490803";"33.643085";"0.012803312"
"1530208933733";"33.514023";"33.641563";"0.01490558"
"1530208933798";"33.490803";"33.64029";"0.01252672"
"1530208933865";"33.514023";"33.638794";"0.01463141"
"1530208933932";"33.490803";"33.637547";"0.012255205"
"1530208934062";"33.514023";"33.636078";"0.014362525"
"1530208934128";"33.467587";"33.634857";"0.011988978"
"1530208934193";"33.490803";"33.633186";"0.016356204"
"1530208934322";"33.467587";"33.631763";"0.013981161"
"1530208934386";"33.514023";"33.630123";"0.016071398"
"1530208934542";"33.490803";"33.628963";"0.01143558"
"1530208934607";"33.467587";"33.627583";"0.013521765"
"1530208934650";"33.490803";"33.625984";"0.015661247"
"1530208934867";"33.514023";"33.624634";"0.013275561"
"1530208934933";"33.490803";"33.623528";"0.010868011"
"1530208935262";"33.467587";"33.6222";"0.01298867"
"1530208935327";"33.490803";"33.620655";"0.015133668"
"1530208935585";"33.514023";"33.619358";"0.01275329"
"1530208935671";"33.490803";"33.618305";"0.010351071"
"1530208935737";"33.514023";"33.61703";"0.012476976"
"1530208935804";"33.490803";"33.616";"0.010122436"
"1530208935932";"33.514023";"33.61475";"0.012251149"
"1530208935999";"33.490803";"33.613743";"0.009898899"
"1530208936064";"33.467587";"33.612514";"0.012029859"
"1530208936260";"33.444374";"33.611065";"0.014184266"
"1530208936327";"33.467587";"33.609398";"0.016317232"
"1530208936481";"33.444374";"33.60798";"0.013925102"
"1530208936527";"33.467587";"33.606342";"0.016015133"
"1530208936611";"33.444374";"33.604954";"0.013625636"
"1530208937002";"33.421173";"33.603348";"0.015718674"
"1530208937070";"33.444374";"33.601524";"0.01783468"
"1530208937135";"33.467587";"33.599953";"0.015428505"
"1530208937200";"33.444374";"33.59863";"0.013000054"
"1530208937264";"33.421173";"33.597088";"0.015098949"
"1530208937329";"33.444374";"33.59533";"0.017221358"
"1530208937397";"33.467587";"33.59382";"0.0148212435"
"1530208937532";"33.444374";"33.592556";"0.012398867"
"1530208937597";"33.467587";"33.591076";"0.014503774"
"1530208937661";"33.444374";"33.58984";"0.012129447"
"1530208937727";"33.421173";"33.588387";"0.014237529"
"1530208937792";"33.444374";"33.586716";"0.016368605"
"1530208937942";"33.467587";"33.585293";"0.013977201"
"1530208938007";"33.444374";"33.584114";"0.011563188"
"1530208938271";"33.421173";"33.582718";"0.013676356"
"1530208938471";"33.444374";"33.581104";"0.015813075"
"1530208938494";"33.421173";"33.57974";"0.013427353"
"1530208938731";"33.397972";"33.57815";"0.0155211715"
"1530208938795";"33.421173";"33.57635";"0.017639427"
"1530208938924";"33.397972";"33.5748";"0.015235147"
"1530208938990";"33.421173";"33.57303";"0.017310891"
"1530208939054";"33.397972";"33.57151";"0.014909617"
"1530208939141";"33.421173";"33.569775";"0.016988745"
"1530208939206";"33.397972";"33.568287";"0.0145905055"
"1530208939271";"33.444374";"33.566586";"0.01667302"
"1530208939335";"33.397972";"33.565365";"0.012034104"
"1530208939531";"33.421173";"33.56369";"0.01636815"
"1530208939597";"33.397972";"33.562263";"0.013993989"
"1530208939662";"33.421173";"33.56062";"0.016082365"
"1530208939728";"33.37478";"33.559223";"0.013693221"
"1530208939791";"33.397972";"33.557377";"0.018038647"
"1530208939942";"33.421173";"33.555782";"0.01564921"
"1530208940008";"33.397972";"33.554436";"0.013219822"
"1530208940072";"33.421173";"33.55287";"0.015315354"
"1530208940138";"33.397972";"33.551556";"0.012934164"
"1530208940204";"33.37478";"33.55002";"0.015032868"
"1530208940268";"33.421173";"33.548267";"0.017155273"
"1530208940461";"33.397972";"33.546997";"0.012512297"
"1530208940592";"33.37478";"33.545506";"0.01458636"
"1530208940657";"33.421173";"33.543797";"0.016712662"
"1530208940807";"33.37478";"33.542572";"0.012074472"
"1530208940874";"33.397972";"33.540894";"0.01640742"
"1530208940939";"33.37478";"33.539463";"0.014033632"
"1530208941138";"33.397972";"33.537815";"0.016120892"
"1530208941268";"33.37478";"33.536415";"0.013732109"
"1530208941470";"33.32841";"33.534798";"0.015822168"
"1530208941494";"33.351593";"33.532734";"0.020188661"
"1530208941735";"33.37478";"33.530922";"0.017779564"
"1530208941800";"33.32841";"33.52936";"0.0153304525"
"1530208941864";"33.351593";"33.52735";"0.01965624"
"1530208942121";"33.32841";"33.525593";"0.017251976"
"1530208942545";"33.351593";"33.52362";"0.019306106"
"1530208942589";"33.32841";"33.5219";"0.01688662"
"1530208943081";"33.351593";"33.519966";"0.0189443"
"1530208943274";"33.32841";"33.518284";"0.016528597"
"1530208943339";"33.351593";"33.516384";"0.018589675"
"1530208943447";"33.37478";"33.514736";"0.016177377"
"1530208943536";"33.351593";"33.513336";"0.013743968"
"1530208943602";"33.32841";"33.51172";"0.015832752"
"1530208943733";"33.37478";"33.509884";"0.01794573"
"1530208943818";"33.32841";"33.508533";"0.013296998"
"1530208943947";"33.37478";"33.506733";"0.017615627"
"1530208943990";"33.351593";"33.505413";"0.012987985"
"1530208944076";"33.37478";"33.503876";"0.015056542"
"1530208944270";"33.351593";"33.502586";"0.012679245"
"1530208944401";"33.32841";"33.501076";"0.014779099"
"1530208944478";"33.351593";"33.499348";"0.016902631"
"1530208944548";"33.32841";"33.49787";"0.014507771"
"1530208944591";"33.351593";"33.496178";"0.016589196"
"1530208944675";"33.37478";"33.49473";"0.014196973"
"1530208944805";"33.351593";"33.493534";"0.011783682"
"1530208945064";"33.37478";"33.492115";"0.013892012"
"1530208945129";"33.351593";"33.49094";"0.011526351"
"1530208945214";"33.37478";"33.489548";"0.013637854"
"1530208945278";"33.351593";"33.4884";"0.011274856"
"1530208945536";"33.37478";"33.48703";"0.013388613"
"1530208945622";"33.305237";"33.48591";"0.011028271"
"1530208945666";"33.282066";"33.4841";"0.01765321"
"1530208945731";"33.305237";"33.48208";"0.019780884"
"1530208945816";"33.282066";"33.48031";"0.017358297"
"1530208945861";"33.305237";"33.478325";"0.019409977"
"1530208946077";"33.282066";"33.476593";"0.016990464"
"1530208946121";"33.258904";"33.474648";"0.019045904"
"1530208946206";"33.282066";"33.47249";"0.021124948"
"1530208946271";"33.258904";"33.470585";"0.018689554"
"1530208946336";"33.282066";"33.468468";"0.020727294"
"1530208946405";"33.258904";"33.466602";"0.018295279"
"1530208946503";"33.235744";"33.464527";"0.020337159"
"1530208946527";"33.258904";"33.46224";"0.022402994"
"1530208946591";"33.235744";"33.460205";"0.019955115"
"1530208946723";"33.258904";"33.457962";"0.021980036"
"1530208946808";"33.235744";"33.45597";"0.019535908"
"1530208946872";"33.258904";"33.45377";"0.021564974"
"1530208946943";"33.235744";"33.45182";"0.019125007"
"1530208947075";"33.258904";"33.44966";"0.02115822"
"1530208947280";"33.235744";"33.447754";"0.018722413"
"1530208947325";"33.282066";"33.445633";"0.0207594"
"1530208947546";"33.258904";"33.443996";"0.016085243"
"1530208947612";"33.235744";"33.442146";"0.018121634"
"1530208947741";"33.258904";"33.440083";"0.02020948"
"1530208947807";"33.282066";"33.43827";"0.017783534"
"1530208948074";"33.258904";"33.43671";"0.015336471"
"1530208948138";"33.235744";"33.434933";"0.01740723"
"1530208948206";"33.282066";"33.43294";"0.019502481"
"1530208948271";"33.235744";"33.43143";"0.014841654"
"1530208948337";"33.258904";"33.429474";"0.019140702"
"1530208948436";"33.235744";"33.42777";"0.01674362"
"1530208948480";"33.258904";"33.42585";"0.018800806"
"1530208948742";"33.282066";"33.42418";"0.016388463"
"1530208949264";"33.32841";"33.422756";"0.013955044"
"1530208949328";"33.305237";"33.421814";"0.009305764"
"1530208949414";"33.32841";"33.420647";"0.011406328"
"1530208949480";"33.305237";"33.419724";"0.009066651"
"1530208949545";"33.282066";"33.41858";"0.011201395"
"1530208949609";"33.305237";"33.417213";"0.013359538"
"1530208950074";"33.282066";"33.416092";"0.0110010635"
"1530208950730";"33.258904";"33.414753";"0.013116346"
"1530208951145";"33.282066";"33.413193";"0.015254564"
"1530208951210";"33.258904";"33.41188";"0.01287785"
"1530208951275";"33.282066";"33.41035";"0.014973608"
"1530208951339";"33.258904";"33.40907";"0.012599536"
"1530208951481";"33.282066";"33.407566";"0.014697924"
"1530208951484";"33.258904";"33.40631";"0.01232651"
"1530208951619";"33.282066";"33.40484";"0.014427904"
"1530208951881";"33.258904";"33.40361";"0.01205915"
"1530208952355";"33.282066";"33.402164";"0.014163174"
"1530208952446";"33.258904";"33.400963";"0.011797078"
"1530208952601";"33.282066";"33.399544";"0.013903732"
"1530208952667";"33.258904";"33.39837";"0.011540295"
"1530208952733";"33.282066";"33.396973";"0.013649204"
"1530208952867";"33.258904";"33.395824";"0.011288421"
"1530208953215";"33.282066";"33.394455";"0.01339996"
"1530208953281";"33.258904";"33.39333";"0.011041463"
"1530208953816";"33.235744";"33.391987";"0.013155626"
"1530208954205";"33.212593";"33.390423";"0.015293088"
"1530208954333";"33.235744";"33.388645";"0.017409094"
"1530208954435";"33.189445";"33.387115";"0.015011899"
"1530208954480";"33.212593";"33.38514";"0.019334957"
"1530208954546";"33.235744";"33.383415";"0.016937345"
"1530208954610";"33.212593";"33.38194";"0.014499965"
"1530208954674";"33.189445";"33.380245";"0.0165779"
"1530208954805";"33.212593";"33.378338";"0.018680314"
"1530208954872";"33.235744";"33.376682";"0.016270991"
"1530208954938";"33.212593";"33.375275";"0.013840223"
"1530208955066";"33.235744";"33.37365";"0.015924929"
"1530208955129";"33.212593";"33.37227";"0.013542107"
"1530208955278";"33.189445";"33.37067";"0.015629979"
"1530208955341";"33.212593";"33.36886";"0.01774182"
"1530208955488";"33.235744";"33.367294";"0.0153415855"
"1530208955554";"33.212593";"33.36598";"0.012919924"
"1530208955686";"33.235744";"33.364445";"0.015013653"
"1530208955732";"33.212593";"33.36316";"0.012640307"
"1530208955881";"33.235744";"33.361652";"0.014737209"
"1530208956010";"33.212593";"33.360394";"0.012366525"
"1530208956075";"33.235744";"33.358917";"0.014466433"
"1530208956141";"33.212593";"33.357685";"0.012098409"
"1530208956205";"33.189445";"33.356236";"0.014200948"
"1530208956420";"33.166306";"33.35457";"0.01632711"
"1530208956492";"33.189445";"33.352684";"0.018431438"
"1530208956536";"33.14317";"33.35105";"0.01602513"
"1530208956621";"33.166306";"33.348972";"0.0203356"
"1530208956814";"33.189445";"33.347145";"0.017929073"
"1530208957010";"33.14317";"33.34557";"0.0154829705"
"1530208957139";"33.166306";"33.343544";"0.019798284"
"1530208957204";"33.189445";"33.34177";"0.017396947"
"1530208957421";"33.166306";"33.34025";"0.014956148"
"1530208957498";"33.189445";"33.33851";"0.017028457"
"1530208957540";"33.166306";"33.337017";"0.014635753"
"1530208957624";"33.189445";"33.335308";"0.016711596"
"1530208957689";"33.166306";"33.33385";"0.014322302"
"1530208957753";"33.189445";"33.332176";"0.016401537"
"1530208957944";"33.14317";"33.33075";"0.014015278"
"1530208958009";"33.189445";"33.328873";"0.018346082"
"1530208958139";"33.14317";"33.327477";"0.013719788"
"1530208958273";"33.166306";"33.325634";"0.018025737"
"1530208958422";"33.189445";"33.32404";"0.015641596"
"1530208958683";"33.166306";"33.322693";"0.01321824"
"1530208958748";"33.14317";"33.32113";"0.015307853"
"1530208958812";"33.166306";"33.319347";"0.017421575"
"1530208958932";"33.14317";"33.317818";"0.015025853"
"1530208959016";"33.166306";"33.31607";"0.017097566"
"1530208959142";"33.189445";"33.31457";"0.014704481"
"1530208959207";"33.166306";"33.31332";"0.0122904"
"1530208959421";"33.189445";"33.31185";"0.014389408"
"1530208959609";"33.14317";"33.310627";"0.012023249"
"1530208959678";"33.189445";"33.308952";"0.016374443"
"1530208959806";"33.166306";"33.30776";"0.0117687285"
"1530208959870";"33.189445";"33.306343";"0.013844335"
"1530208959954";"33.166306";"33.305176";"0.011483625"
"1530208959997";"33.14317";"33.303787";"0.013591064"
"1530208960082";"33.166306";"33.30218";"0.015722118"
"1530208960146";"33.14317";"33.300823";"0.013343443"
"1530208960274";"33.166306";"33.299248";"0.015432098"
"1530208960490";"33.14317";"33.29792";"0.013056064"
"1530208960555";"33.166306";"33.29637";"0.015147351"
"1530208960619";"33.14317";"33.29507";"0.012773973"
"1530208960682";"33.189445";"33.293552";"0.014868265"
"1530208960937";"33.14317";"33.29251";"0.010260634"
"1530208961021";"33.166306";"33.29102";"0.014599884"
"1530208961146";"33.189445";"33.289772";"0.012249232"
"1530208961272";"33.166306";"33.28877";"0.009860097"
"1530208961338";"33.14317";"33.287544";"0.011983103"
"1530208961399";"33.166306";"33.286102";"0.01413033"
"1530208961764";"33.189445";"33.284904";"0.011767587"
"1530208961807";"33.166306";"33.28395";"0.00938321"
"1530208961953";"33.14317";"33.282776";"0.0115110725"
"1530208962016";"33.166306";"33.28138";"0.01366281"
"1530208962146";"33.14317";"33.280228";"0.011304625"
"1530208962212";"33.189445";"33.27886";"0.0134135755"
"1530208962276";"33.166306";"33.277966";"0.008822127"
"1530208962341";"33.189445";"33.276848";"0.010924512"
"1530208962451";"33.166306";"33.275974";"0.008593135"
"1530208962495";"33.189445";"33.27488";"0.010729405"
"1530208962625";"33.166306";"33.274025";"0.008400199"
"1530208962692";"33.189445";"33.27295";"0.010538336"
"1530208962822";"33.166306";"33.272114";"0.0082110455"
"1530208962953";"33.189445";"33.271057";"0.010351043"
"1530208963017";"33.166306";"33.27024";"0.00802567"
"1530208963087";"33.189445";"33.269203";"0.010167529"
"1530208963153";"33.166306";"33.268406";"0.007844073"
"1530208963472";"33.14317";"33.267384";"0.009987417"
"1530208963494";"33.166306";"33.26614";"0.012154168"
"1530208963623";"33.189445";"33.26514";"0.009811193"
"1530208963667";"33.14317";"33.264385";"0.0074467594"
"1530208963754";"33.166306";"33.263172";"0.011844154"
"1530208963885";"33.189445";"33.262203";"0.009520245"
"1530208963950";"33.166306";"33.261475";"0.0071587246"
"1530208964018";"33.189445";"33.260525";"0.009308514"
"1530208964148";"33.14317";"33.259815";"0.0069939042"
"1530208964448";"33.12004";"33.258648";"0.011396548"
"1530208964493";"33.14317";"33.257263";"0.01356487"
"1530208964538";"33.12004";"33.256123";"0.011208697"
"1530208964686";"33.14317";"33.25476";"0.013317663"
"1530208964757";"33.12004";"33.253643";"0.0109632565"
"1530208964822";"33.14317";"33.252308";"0.01307484"
"1530208964888";"33.12004";"33.251217";"0.0107230935"
"1530208964952";"33.14317";"33.249905";"0.012836931"
"1530208965213";"33.166306";"33.248837";"0.010487468"
"1530208965276";"33.14317";"33.248013";"0.008116487"
"1530208965425";"33.166306";"33.246964";"0.010256275"
"1530208965544";"33.14317";"33.24616";"0.007932411"
"1530208965891";"33.166306";"33.24513";"0.010074644"
"1530208966018";"33.14317";"33.24434";"0.0077523296"
"1530208966083";"33.166306";"33.24333";"0.009896418"
"1530208966152";"33.12004";"33.242558";"0.0075760223"
"1530208966216";"33.14317";"33.241333";"0.011971724"
"1530208966685";"33.12004";"33.240353";"0.009647481"
"1530208966754";"33.14317";"33.23915";"0.01177239"
"1530208967290";"33.189445";"33.23819";"0.009433599"
"1530208967354";"33.166306";"33.2377";"0.004846095"
"1530208967417";"33.14317";"33.236988";"0.006979339"
"1530208967539";"33.166306";"33.23605";"0.009175636"
"1530208967753";"33.14317";"33.23535";"0.0068629077"
"1530208967887";"33.166306";"33.23443";"0.009015514"
"1530208967952";"33.14317";"33.233746";"0.0067039933"
"1530208968015";"33.166306";"33.23284";"0.008858441"
"1530208968161";"33.14317";"33.232178";"0.006548848"
"1530208968618";"33.12004";"33.23129";"0.008704772"
"1530208968746";"33.14317";"33.230175";"0.0108834915"
"1530208968812";"33.12004";"33.229305";"0.008554224"
"1530208968874";"33.14317";"33.228214";"0.010689765"
"1530208969155";"33.166306";"33.227364";"0.008362052"
"1530208969271";"33.14317";"33.226753";"0.006012755"
"1530208969356";"33.166306";"33.225918";"0.008173176"
"1530208969471";"33.14317";"33.225323";"0.0058705867"
"1530208969559";"33.166306";"33.224503";"0.008033101"
"1530208969602";"33.12004";"33.22392";"0.0057317056"
"1530208969687";"33.14317";"33.22288";"0.01014637"
"1530208969816";"33.166306";"33.222084";"0.007839328"
"1530208969881";"33.14317";"33.221527";"0.00549573"
"1530208970156";"33.12004";"33.220745";"0.007661233"
"1530208970282";"33.096916";"33.219738";"0.009850378"
"1530208970476";"33.12004";"33.21851";"0.012017851"
"1530208970540";"33.14317";"33.217525";"0.009677509"
"1530208970624";"33.12004";"33.21678";"0.007315374"
"1530208970691";"33.096916";"33.215813";"0.009462202"
"1530208970757";"33.12004";"33.214622";"0.011633059"
"1530208970956";"33.14317";"33.213676";"0.009296525"
"1530208971147";"33.12004";"33.21297";"0.0069382573"
"1530208971548";"33.14317";"33.21204";"0.009088774"
"1530208971696";"33.12004";"33.21135";"0.006777215"
"1530208971742";"33.096916";"33.210438";"0.008930186"
"1530208971807";"33.14317";"33.2093";"0.011106285"
"1530208971892";"33.12004";"33.20864";"0.0065441364"
"1530208972021";"33.14317";"33.207756";"0.008665019"
"1530208972087";"33.12004";"33.20711";"0.006357847"
"1530208972151";"33.096916";"33.20624";"0.008514863"
"1530208972475";"33.12004";"33.205147";"0.010695069"
"1530208972625";"33.096916";"33.204296";"0.008368082"
"1530208972822";"33.0738";"33.203224";"0.0105051175"
"1530208972887";"33.096916";"33.20193";"0.0126651125"
"1530208972951";"33.0738";"33.200882";"0.0103190355"
"1530208973016";"33.096916";"33.19961";"0.0124358935"
"1530208973080";"33.0738";"33.198586";"0.010091725"
"1530208973145";"33.096916";"33.19734";"0.012210826"
"1530208973212";"33.0738";"33.196335";"0.009868943"
"1530208973276";"33.096916";"33.19511";"0.011990291"
"1530208973361";"33.0738";"33.19413";"0.009650694"
"1530208973501";"33.096916";"33.19293";"0.011774289"
"1530208973544";"33.0738";"33.191967";"0.0094366055"
"1530208973694";"33.096916";"33.190784";"0.011562067"
"1530208973758";"33.0738";"33.189846";"0.009226668"
"1530208973885";"33.050686";"33.188686";"0.011354375"
"1530208973950";"33.0738";"33.187305";"0.013505355"
"1530208974142";"33.096916";"33.18617";"0.011150909"
"1530208974231";"33.050686";"33.185276";"0.008774915"
"1530208974294";"33.096916";"33.18393";"0.013154292"
"1530208974453";"33.0738";"33.18306";"0.008586813"
"1530208974495";"33.096916";"33.18197";"0.010689652"
"1530208974624";"33.050686";"33.181118";"0.008362796"
"1530208974688";"33.0738";"33.179813";"0.0127470065"
"1530208974753";"33.050686";"33.178753";"0.010416628"
"1530208974817";"33.096916";"33.17747";"0.012532192"
"1530208974881";"33.050686";"33.176666";"0.007955016"
"1530208974945";"33.096916";"33.175407";"0.012311267"
"1530208975031";"33.0738";"33.17462";"0.007752648"
"1530208975287";"33.050686";"33.173615";"0.009862706"
"1530208975460";"33.0738";"33.172386";"0.012028438"
"1530208975483";"33.096916";"33.171402";"0.009689199"
"1530208975547";"33.050686";"33.17066";"0.0073281922"
"1530208975611";"33.096916";"33.169456";"0.011722279"
"1530208975675";"33.050686";"33.16873";"0.0071705612"
"1530208975824";"33.0738";"33.167553";"0.011534155"
"1530208976166";"33.096916";"33.166615";"0.009215134"
"1530208976274";"33.050686";"33.165916";"0.0068589686"
"1530208976359";"33.096916";"33.164764";"0.011258077"
"1530208976494";"33.0738";"33.164085";"0.006711514"
"1530208976558";"33.096916";"33.16318";"0.008830023"
"1530208976685";"33.0738";"33.162518";"0.0065220296"
"1530208976749";"33.096916";"33.16163";"0.008676093"
"1530208976834";"33.0738";"33.16098";"0.0063699097"
"1530208976898";"33.096916";"33.160107";"0.008525446"
"1530208977029";"33.0738";"33.159473";"0.0062208176"
"1530208977160";"33.096916";"33.158615";"0.00837782"
"1530208977225";"33.0738";"33.157997";"0.006074749"
"1530208977289";"33.050686";"33.157154";"0.008233217"
"1530208977354";"33.0738";"33.15609";"0.010415273"
"1530208977551";"33.096916";"33.155266";"0.00809208"
"1530208977679";"33.0738";"33.154682";"0.0057474156"
"1530208977807";"33.096916";"33.153873";"0.007908532"
"1530208977957";"33.0738";"33.153305";"0.0056105326"
"1530208978022";"33.096916";"33.15251";"0.0077737463"
"1530208978105";"33.0738";"33.151955";"0.0054769437"
"1530208978151";"33.096916";"33.151173";"0.0076412344"
"1530208978217";"33.050686";"33.15063";"0.005345996"
"1530208978345";"33.0738";"33.14963";"0.009761166"
"1530208978497";"33.096916";"33.148872";"0.0074591404"
"1530208978560";"33.0738";"33.148354";"0.005121386"
"1530208978623";"33.096916";"33.14761";"0.0072886343"
"1530208978750";"33.0738";"33.147102";"0.004996967"
"1530208978813";"33.050686";"33.14637";"0.00716594"
"1530208978879";"33.096916";"33.145412";"0.009358399"
"1530208979005";"33.050686";"33.144928";"0.0048210435"
"1530208979090";"33.0738";"33.143986";"0.009203023"
"1530208979154";"33.096916";"33.143284";"0.006906099"
"1530208979283";"33.0738";"33.14282";"0.0045739813"
"1530208979501";"33.096916";"33.142128";"0.006746173"
"1530208979565";"33.0738";"33.141674";"0.0044601304"
"1530208979629";"33.050686";"33.140995";"0.0066340575"
"1530208979694";"33.096916";"33.14009";"0.008831685"
"1530208979824";"33.0738";"33.13966";"0.004302042"
"1530208979953";"33.096916";"33.139";"0.0064369165"
"1530208980018";"33.0738";"33.13858";"0.004154245"
"1530208980082";"33.096916";"33.13793";"0.0063309553"
"1530208980231";"33.050686";"33.13752";"0.004049407"
"1530208980296";"33.096916";"33.13665";"0.008477474"
"1530208980423";"33.0738";"33.136253";"0.00396651"
"1530208980757";"33.050686";"33.135628";"0.0061032535"
"1530208980823";"33.0738";"33.134777";"0.008305752"
"1530208980888";"33.050686";"33.134167";"0.0060041593"
"1530208981300";"33.0738";"33.13333";"0.008162995"
"1530208981476";"33.050686";"33.132736";"0.005862631"
"1530208981600";"33.0738";"33.131916";"0.008022925"
"1530208981625";"33.050686";"33.131336";"0.005724122"
"1530208981693";"33.0738";"33.13053";"0.007885877"
"1530208981763";"33.050686";"33.129963";"0.0055882647"
"1530208982086";"33.0738";"33.12917";"0.0077510984"
"1530208982151";"33.050686";"33.128616";"0.0054550488"
"1530208982634";"33.027576";"33.12784";"0.0076193395"
"1530208982766";"33.050686";"33.126835";"0.009806971"
"1530208982841";"33.027576";"33.126072";"0.007490287"
"1530208982886";"33.050686";"33.125088";"0.00963439"
"1530208983302";"33.0738";"33.124344";"0.007319275"
"1530208983561";"33.050686";"33.12384";"0.0049832906"
"1530208983948";"33.0738";"33.123108";"0.0071512256"
"1530208984099";"33.050686";"33.122616";"0.004861511"
"1530208984164";"33.027576";"33.121895";"0.0070311762"
"1530208984229";"33.050686";"33.120953";"0.009224738"
"1530208984692";"33.027576";"33.12025";"0.006914209"
"1530208984760";"33.004475";"33.119324";"0.009063862"
"1530208984823";"33.050686";"33.118176";"0.011236578"
"1530208984973";"33.027576";"33.1175";"0.006676704"
"1530208985016";"33.050686";"33.1166";"0.008794539"
"1530208985101";"33.027576";"33.11594";"0.00648767"
"1530208985294";"33.050686";"33.115055";"0.008641362"
"1530208985554";"33.027576";"33.11441";"0.0063363058"
"1530208985617";"33.050686";"33.11354";"0.0084914705"
"1530208985832";"33.027576";"33.11291";"0.006187969"
"1530208985963";"33.050686";"33.112057";"0.008344601"
"1530208986027";"33.027576";"33.111443";"0.006042656"
"1530208986219";"33.050686";"33.110603";"0.008200753"
"1530208986304";"33.004475";"33.110004";"0.005900367"
"1530208986348";"33.050686";"33.108948";"0.010307895"
"1530208986491";"33.027576";"33.108364";"0.0057742717"
"1530208986684";"33.004475";"33.107555";"0.007899359"
"1530208986768";"33.027576";"33.106525";"0.010083375"
"1530208986960";"33.004475";"33.105736";"0.007764738"
"1530208987026";"33.027576";"33.104725";"0.009905506"
"1530208987241";"33.050686";"33.103954";"0.007588435"
"1530208987379";"33.027576";"33.10342";"0.0052496693"
"1530208987462";"33.050686";"33.10266";"0.0074147307"
"1530208987571";"33.027576";"33.102142";"0.0051226"
"1530208987614";"33.050686";"33.1014";"0.0072897673"
"1530208987766";"33.027576";"33.10089";"0.0049988423"
"1530208987831";"33.050686";"33.10016";"0.0071670776"
"1530208987896";"33.027576";"33.099663";"0.0048773545"
"1530208988093";"33.004475";"33.09894";"0.0070466553"
"1530208988160";"33.050686";"33.097996";"0.009239093"
"1530208988225";"33.027576";"33.097523";"0.0047052065"
"1530208988376";"33.050686";"33.096825";"0.0068374164"
"1530208988440";"33.004475";"33.096363";"0.0045510298"
"1530208988486";"33.050686";"33.095444";"0.008972346"
"1530208988550";"33.027576";"33.094997";"0.004456115"
"1530208988642";"33.050686";"33.094322";"0.0065897917"
"1530208988693";"33.027576";"33.093887";"0.004306225"
"1530208988827";"33.050686";"33.093224";"0.0064808107"
"1530208988956";"33.027576";"33.092796";"0.004198359"
"1530208989384";"33.004475";"33.092144";"0.0063739894"
"1530208989463";"33.050686";"33.091267";"0.0085730655"
"1530208989506";"33.027576";"33.090862";"0.004049319"
"1530208989635";"33.004475";"33.09023";"0.006184785"
"1530208989702";"33.050686";"33.08937";"0.008385423"
"1530208989767";"33.004475";"33.088985";"0.0038647181"
"1530208989830";"33.050686";"33.08814";"0.008250269"
"1530208989894";"33.004475";"33.087765";"0.0037444285"
"1530208990031";"33.027576";"33.086933";"0.008131098"
"1530208990096";"33.004475";"33.086338";"0.0058450704"
"1530208990160";"33.027576";"33.085518";"0.0080044335"
"1530208990228";"33.050686";"33.084938";"0.0057067485"
"1530208990423";"33.027576";"33.084595";"0.0033885487"
"1530208990508";"33.004475";"33.084026";"0.0055708415"
"1530208990571";"33.027576";"33.08323";"0.0077775833"
"1530208990635";"33.050686";"33.082672";"0.0054825773"
"1530208990698";"33.027576";"33.08235";"0.0031670171"
"1530208990763";"33.050686";"33.081802";"0.0053508375"
"1530208990910";"33.004475";"33.08149";"0.003081097"
"1530208991019";"33.050686";"33.08072";"0.007516673"
"1530208991103";"33.027576";"33.080418";"0.003023611"
"1530208991170";"33.050686";"33.079887";"0.0051616877"
"1530208991234";"33.004475";"33.079594";"0.0028939291"
"1530208991299";"33.050686";"33.078842";"0.0073311944"
"1530208991489";"33.027576";"33.07856";"0.0028418822"
"1530208991553";"33.050686";"33.07805";"0.004979823"
"1530208991640";"33.027576";"33.077774";"0.0027143576"
"1530208991705";"33.050686";"33.07727";"0.0049025714"
"1530208991771";"33.027576";"33.077003";"0.0026383323"
"1530208991819";"33.004475";"33.076508";"0.0048271148"
"1530208991905";"33.050686";"33.075787";"0.007041061"
"1530208991971";"33.027576";"33.075535";"0.0025469724"
"1530208992166";"33.004475";"33.075054";"0.0046836645"
"1530208992363";"32.98138";"33.07435";"0.00689875"
"1530208992458";"33.004475";"33.073418";"0.00909222"
"1530208992502";"32.98138";"33.072727";"0.0067843357"
"1530208992698";"33.004475";"33.071815";"0.008933987"
"1530208992762";"32.95829";"33.07114";"0.0066273105"
"1530208992829";"32.98138";"33.07001";"0.011024879"
"1530208992896";"32.95829";"33.069126";"0.008713308"
"1530208992966";"33.004475";"33.068016";"0.010843483"
"1530208993032";"32.98138";"33.06738";"0.00629048"
"1530208993632";"32.95829";"33.06652";"0.00841019"
"1530208993697";"33.004475";"33.065437";"0.010587858"
"1530208993761";"32.95829";"33.064827";"0.006038479"
"1530208993826";"32.98138";"33.063763";"0.0104069775"
"1530208994298";"33.004475";"33.06294";"0.008100918"
"1530208994500";"32.98138";"33.062355";"0.0057587004"
"1530208994757";"32.95829";"33.061546";"0.007917609"
"1530208995229";"32.98138";"33.060513";"0.010100375"
"1530208995293";"32.95829";"33.059723";"0.007782843"
"1530208995505";"32.935207";"33.05871";"0.00992213"
"1530208995696";"32.95829";"33.057472";"0.012084351"
"1530208995826";"32.935207";"33.05648";"0.009747312"
"1530208995891";"32.95829";"33.055267";"0.011866459"
"1530208996039";"32.935207";"33.0543";"0.009531335"
"1530208996107";"32.95829";"33.05311";"0.011652723"
"1530208996179";"32.91213";"33.05216";"0.009319513"
"1530208996224";"32.935207";"33.05076";"0.013687331"
"1530208996289";"32.95829";"33.049603";"0.011351175"
"1530208996379";"32.91213";"33.04869";"0.008976865"
"1530208996484";"32.935207";"33.047325";"0.013347602"
"1530208996887";"32.91213";"33.046204";"0.0110147195"
"1530208997101";"32.889053";"33.044865";"0.013121328"
"1530208997166";"32.935207";"33.04331";"0.015251238"
"1530208997230";"32.91213";"33.04223";"0.010651752"
"1530208997295";"32.935207";"33.040928";"0.012731864"
"1530208997380";"32.889053";"33.03987";"0.0103881"
"1530208997468";"32.91213";"33.038364";"0.014744341"
"1530208997624";"32.889053";"33.0371";"0.012398323"
"1530208997775";"32.91213";"33.03562";"0.014490666"
"1530208997905";"32.865986";"33.034386";"0.0121296635"
"1530208997972";"32.889053";"33.032703";"0.016467037"
"1530208998038";"32.91213";"33.031265";"0.014104862"
"1530208998108";"32.889053";"33.030075";"0.011703491"
"1530208998172";"32.865986";"33.028664";"0.0138018485"
"1530208998238";"32.91213";"33.02704";"0.01592422"
"1530208998311";"32.889053";"33.02589";"0.011318554"
"1530208998477";"32.865986";"33.02452";"0.013391977"
"1530208998501";"32.91213";"33.022934";"0.015517871"
"1530208998564";"32.889053";"33.021828";"0.010916643"
"1530208998650";"32.912