"System Time Index","HR Data","HR Data Average","HR Data Standard Deviation"
"1529863320206","82.94931","0.0","0.0"
"1529863321153","62.93706","0.0","0.0"
"1529863322470","46.153847","0.0","0.0"
"1529863323139","87.37864","0.0","0.0"
"1529863323802","91.83673","0.0","0.0"
"1529863325179","87.80488","91.83673","0.0"
"1529863326488","91.37056","91.83673","0.0"
"1529863327159","88.23529","91.83207","0.04546044"
"1529863328490","90.22556","91.796104","0.350783"
"1529863329180","88.23529","91.780396","0.15712258"
"1529863329811","93.26425","91.74494","0.34607068"
"1529863330470","92.78351","91.76013","0.15214948"
"1529863331141","87.80488","91.77036","0.100951776"
"1529863331876","85.30806","91.730705","0.38684046"
"1529863332587","82.56881","91.66648","0.6275219"
"1529863333309","81.44797","91.5755","0.88940936"
"1529863334019","84.50704","91.47423","0.991621"
"1529863334805","81.08108","91.40456","0.68662924"
"1529863335478","84.11215","91.30132","1.0090714"
"1529863336235","81.08108","91.22943","0.70830333"
"1529863336909","85.71429","91.127945","0.99218565"
"1529863337693","81.44797","91.07381","0.5371754"
"1529863338344","86.95652","90.97755","0.9402351"
"1529863339069","86.124405","90.93734","0.4032406"
"1529863339742","87.37864","90.88921","0.47108057"
"1529863340417","89.55224","90.85411","0.34557292"
"1529863341140","81.08108","90.841095","0.13157636"
"1529863342398","96.51475","90.74349","0.9518751"
"1529863343054","89.10891","90.80121","0.57079786"
"1529863343710","97.82609","90.78429","0.17462333"
"1529863344993","92.78351","90.854706","0.68692935"
"1529863345725","90.90909","90.87399","0.20024544"
"1529863346297","94.73684","90.874344","0.020314908"
"1529863346942","89.10891","90.91297","0.3766708"
"1529863347653","93.75","90.89493","0.17991666"
"1529863348228","94.24084","90.92348","0.27900383"
"1529863348889","88.66995","90.95665","0.3247057"
"1529863350220","90.45226","90.933784","0.2253476"
"1529863350927","87.37864","90.92897","0.052084737"
"1529863351649","85.30806","90.89347","0.3462633"
"1529863352360","82.19178","90.837616","0.54578155"
"1529863353049","86.95652","90.75116","0.84489566"
"1529863353740","88.66995","90.71321","0.379571"
"1529863354499","78.26087","90.69278","0.20283915"
"1529863355127","91.83673","90.56846","1.2125132"
"1529863355872","85.71429","90.58114","0.17320152"
"1529863356551","86.53846","90.53247","0.47492513"
"1529863357240","84.50704","90.49253","0.39237568"
"1529863357957","86.95652","90.43268","0.58501476"
"1529863358716","82.94931","90.39792","0.34400162"
"1529863359411","79.29515","90.32343","0.7271929"
"1529863360827","87.37864","90.21315","1.0779196"
"1529863361491","86.53846","90.18481","0.29669183"
"1529863362194","84.90566","90.148346","0.35682297"
"1529863362895","85.30806","90.09592","0.5125032"
"1529863363606","86.53846","90.048035","0.4697097"
"1529863364268","87.37864","90.01294","0.34545746"
"1529863364997","82.94931","89.986595","0.25920582"
"1529863365718","84.90566","89.91622","0.68675625"
"1529863366372","89.10891","89.86612","0.49342617"
"1529863367107","82.56881","89.85855","0.08881108"
"1529863367814","84.90566","89.78565","0.7109416"
"1529863368556","84.50704","89.736855","0.4811717"
"1529863369308","77.25322","89.684555","0.5122693"
"1529863369945","93.75","89.56024","1.2133697"
"1529863370750","76.59574","89.60214","0.4262158"
"1529863371485","77.92208","89.47208","1.2690833"
"1529863372951","82.19178","89.356575","1.1334677"
"1529863373794","76.27119","89.28493","0.7078358"
"1529863374546","76.59574","89.15479","1.271056"
"1529863375261","81.818184","89.029205","1.2313209"
"1529863377505","77.25322","88.95709","0.71390814"
"1529863379777","79.88166","88.84006","1.1435776"
"1529863380603","75.0","88.75047","0.8810644"
"1529863382069","80.0","88.61297","1.34382"
"1529863383685","77.92208","88.52684","0.85060793"
"1529863384497","67.41573","88.42079","1.0376548"
"1529863386040","77.25322","88.21074","2.0510128"
"1529863386844","76.59574","88.101166","1.0880691"
"1529863387763","69.76744","87.986115","1.1272581"
"1529863389172","82.37986","87.803925","1.780234"
"1529863389964","74.07407","87.74969","0.55810255"
"1529863391571","75.471695","87.61293","1.3347955"
"1529863392307","80.35714","87.491516","1.1914978"
"1529863393361","67.92453","87.42017","0.7058643"
"1529863394826","73.319756","87.22522","1.9025003"
"1529863395722","70.3125","87.08617","1.369324"
"1529863396538","71.14625","86.91843","1.6414676"
"1529863397239","84.11215","86.760704","1.5468168"
"1529863398040","74.380165","86.734215","0.30105904"
"1529863398884","73.77049","86.61067","1.205127"
"1529863399634","81.818184","86.48227","1.2579437"
"1529863400407","73.17073","86.43563","0.4719109"
"1529863401154","81.44797","86.30298","1.2944362"
"1529863401903","78.60262","86.254425","0.49083036"
"1529863402766","69.49807","86.17791","0.7478067"
"1529863404100","45.454544","86.01111","1.6283144"
"1529863404873","76.59574","85.605545","3.958375"
"1529863406106","48.913044","85.51545","0.96367466"
"1529863407021","66.17647","85.14942","3.57072"
"1529863408613","77.25322","84.959694","1.8843589"
"1529863409879","45.569622","84.88263","0.77478945"
"1529863411452","76.43312","84.4895","3.8345373"
"1529863412917","41.002277","84.408936","0.87423056"
"1529863414128","49.45055","83.97487","4.2338643"
"1529863414970","72.289154","83.62962","3.393284"
"1529863416354","43.47826","83.51622","1.1567959"
"1529863418447","57.233704","83.11584","3.9061635"
"1529863420604","56.514915","82.85702","2.55404"
"1529863421987","42.553192","82.5936","2.5815134"
"1529863424750","64.98195","82.19319","3.9132133"
"1529863426200","41.284405","82.02108","1.7234329"
"1529863427569","44.226044","81.613716","3.9763253"
"1529863429034","41.002277","81.23984","3.6676166"
"1529863430954","62.39168","80.83746","3.9410186"
"1529863432525","37.97468","80.65301","1.8414751"
"1529863433895","43.68932","80.22623","4.1660075"
"1529863435241","45.801525","79.860855","3.5873046"
"1529863437289","58.064518","79.52026","3.3407385"
"1529863438691","44.117645","79.30571","2.1188393"
"1529863439965","45.34005","78.95383","3.43803"
"1529863442437","72.67833","78.61769","3.2959528"
"1529863444122","71.42857","78.5583","0.6664115"
"1529863445400","47.36842","78.487","0.69846785"
"1529863447869","72.48322","78.17581","3.0354476"
"1529863449110","48.51752","78.11889","0.6327033"
"1529863450421","46.035805","77.822876","2.8873808"
"1529863452501","57.6","77.505005","3.1132529"
"1529863453381","69.49807","77.305954","1.9659181"
"1529863454108","81.818184","77.227875","0.7863847"
"1529863454798","85.30806","77.27378","0.4544956"
"1529863455501","88.66995","77.354126","0.78480947"
"1529863456253","80.0","77.467285","1.106292"
"1529863457691","42.45283","77.492615","0.27063137"
"1529863459101","41.76334","77.14222","3.4171422"
"1529863460565","40.632053","76.78843","3.466984"
"1529863462020","41.18993","76.426865","3.5429275"
"1529863463523","39.91131","76.07449","3.4544768"
"1529863465007","40.268456","75.71286","3.543466"
"1529863466433","42.45283","75.35841","3.4746084"
"1529863467847","42.056076","75.02936","3.2276669"
"1529863470033","55.469955","74.69962","3.2316709"
"1529863470803","76.92308","74.507324","1.9028947"
"1529863471549","81.08108","74.53148","0.30283466"
"1529863472317","78.26087","74.59698","0.63942575"
"1529863473746","41.860466","74.63361","0.3629751"
"1529863475192","41.18993","74.305885","3.1962018"
"1529863476659","42.35294","73.974724","3.2452035"
"1529863478005","43.373493","73.65851","3.1007447"
"1529863479373","44.00978","73.35566","2.9695888"
"1529863480712","45.68528","73.0622","2.8771389"
"1529863481977","46.753246","72.78844","2.6852212"
"1529863483289","44.88778","72.52808","2.5530787"
"1529863484709","43.062202","72.25168","2.707511"
"1529863485414","82.56881","71.959785","2.8593678"
"1529863486873","82.19178","72.06587","1.0733653"
"1529863488346","82.56881","72.16713","0.9932823"
"1529863489064","84.50704","72.27115","1.0192099"
"1529863489778","83.72093","72.39351","1.1975734"
"1529863491225","80.35714","72.50678","1.1111085"
"1529863491900","89.10891","72.58529","0.77357763"
"1529863492614","82.94931","72.75053","1.613218"
"1529863493347","84.11215","72.852516","1.0075706"
"1529863494058","83.333336","72.96511","1.1026386"
"1529863494776","84.11215","73.068794","1.0170904"
"1529863495511","82.56881","73.17923","1.0817261"
"1529863496242","81.44797","73.273125","0.9220273"
"1529863496982","79.64602","73.35487","0.80251443"
"1529863497737","85.71429","73.417786","0.6187309"
"1529863498465","78.26087","73.54075","1.2007345"
"1529863499220","81.818184","73.58795","0.4757036"
"1529863499942","79.64602","73.67026","0.80400985"
"1529863500702","81.44797","73.73002","0.5882685"
"1529863501403","84.11215","73.8072","0.75494"
"1529863502089","86.95652","73.91025","1.0077577"
"1529863502873","77.92208","74.04071","1.2762407"
"1529863503499","92.30769","74.07952","0.39944354"
"1529863504293","78.60262","74.2618","1.7780367"
"1529863505531","47.745358","74.305214","0.45913646"
"1529863506649","55.90062","74.03961","2.5904896"
"1529863507930","45.34005","73.85822","1.7877593"
"1529863508730","74.380165","73.573044","2.7867963"
"1529863510102","88.01956","73.581116","0.2895816"
"1529863510805","89.55224","73.7255","1.4083164"
"1529863512013","49.18033","73.883766","1.5498153"
"1529863513585","75.63025","73.636734","2.414028"
"1529863514886","45.68528","73.65667","0.30994937"
"1529863515592","86.124405","73.37695","2.72791"
"1529863516239","91.37056","73.504425","1.2726943"
"1529863516907","91.83673","73.68309","1.7469244"
"1529863517636","89.55224","73.864624","1.7789184"
"1529863518254","90.90909","74.0215","1.5401442"
"1529863518957","82.19178","74.19038","1.654042"
"1529863519575","98.36066","74.27039","0.7976248"
"1529863520951","87.80488","74.5113","2.350605"
"1529863522345","84.90566","74.64423","1.3175113"
"1529863523011","90.90909","74.74685","1.0093173"
"1529863523774","78.60262","74.90847","1.5793494"
"1529863525122","45.0","74.94541","0.39334822"
"1529863525904","77.92208","74.64596","2.9205031"
"1529863527115","49.04632","74.67872","0.4328545"
"1529863529105","60.100166","74.42239","2.500013"
"1529863531831","65.85366","74.279175","1.4188838"
"1529863533109","47.12042","74.19492","0.83380693"
"1529863534598","41.37931","73.92418","2.6415873"
"1529863535322","79.29515","73.59873","3.1847084"
"1529863536006","87.80488","73.65569","0.6403222"
"1529863536700","86.53846","73.79719","1.3812951"
"1529863537453","79.29515","73.9246","1.250167"
"1529863538867","42.755344","73.9783","0.5384439"
"1529863539700","71.71315","73.66607","3.0452986"
"1529863540780","55.555557","73.64654","0.35917696"
"1529863541755","62.068966","73.46563","1.764575"
"1529863543096","44.226044","73.35166","1.125309"
"1529863543844","79.64602","73.0604","2.842521"
"1529863544645","81.44797","73.12626","0.7023154"
"1529863545364","77.586205","73.20947","0.81455606"
"1529863546132","78.60262","73.25324","0.43451625"
"1529863546925","76.59574","73.30674","0.5234709"
"1529863547756","74.07407","73.33963","0.32498282"
"1529863548446","82.19178","73.34698","0.07864994"
"1529863549289","72.0","73.435425","0.86256975"
"1529863550018","82.56881","73.421074","0.16442317"
"1529863550782","77.25322","73.51255","0.89222705"
"1529863551686","72.0","73.54996","0.37553823"
"1529863553006","86.53846","73.534454","0.15574488"
"1529863553809","75.313805","73.6645","1.2682292"
"1529863554547","81.08108","73.68099","0.20482424"
"1529863555312","78.60262","73.75499","0.7219378"
"1529863556143","72.8745","73.80347","0.4782157"
"1529863557627","80.71749","73.794174","0.10243906"
"1529863558448","74.380165","73.86341","0.6752304"
"1529863559194","79.64602","73.868576","0.084254734"
"1529863559971","77.586205","73.92635","0.56347156"
"1529863560754","79.29515","73.96295","0.3613246"
"1529863562924","81.571","74.01627","0.5212431"
"1529863563665","82.94931","74.09182","0.7385689"
"1529863565120","79.64602","74.1804","0.86692274"
"1529863565838","84.11215","74.235054","0.5400046"
"1529863566594","80.0","74.333824","0.9647146"
"1529863567316","82.56881","74.39049","0.5609163"
"1529863568054","81.08108","74.47227","0.7995099"
"1529863568786","83.72093","74.53835","0.6494232"
"1529863569515","81.08108","74.63018","0.897825"
"1529863570254","82.19178","74.69469","0.63545805"
"1529863570981","83.333336","74.76966","0.73386306"
"1529863571707","84.11215","74.8553","0.8383365"
"1529863572405","84.90566","74.94787","0.9066008"
"1529863573151","79.64602","75.04745","0.9752941"
"1529863573866","83.333336","75.09343","0.4589301"
"1529863574575","84.50704","75.17583","0.80485475"
"1529863575294","83.72093","75.26914","0.91352034"
"1529863576026","85.30806","75.35366","0.82925475"
"1529863576961","61.643837","75.4532","0.97427607"
"1529863578050","55.384617","75.31511","1.3501914"
"1529863579457","86.124405","75.11581","1.9482805"
"1529863580180","81.08108","75.22589","1.0910802"
"1529863581009","73.77049","75.28445","0.58132094"
"1529863582587","76.59574","75.26931","0.15867154"
"1529863583394","73.46939","75.28258","0.13032112"
"1529863584185","74.380165","75.26444","0.17729892"
"1529863585039","70.86614","75.2556","0.08803742"
"1529863585836","75.94936","75.21171","0.42814508"
"1529863586665","74.6888","75.219086","0.08371227"
"1529863587435","75.63025","75.21378","0.0523863"
"1529863588251","72.8745","75.21795","0.04094958"
"1529863588984","80.71749","75.19451","0.22856687"
"1529863589827","72.58064","75.24974","0.5390787"
"1529863590561","81.44797","75.22305","0.26581112"
"1529863591377","74.07407","75.2853","0.60762745"
"1529863592178","74.380165","75.273186","0.13282976"
"1529863592902","83.333336","75.26425","0.088093035"
"1529863593798","73.46939","75.34494","0.7869363"
"1529863594406","87.80488","75.32619","0.19911206"
"1529863595072","89.55224","75.45097","1.2170689"
"1529863596745","75.471695","75.59199","1.3805125"
"1529863597475","74.07407","75.59078","0.13854873"
"1529863598364","68.44106","75.575615","0.14855494"
"1529863599248","66.17647","75.50427","0.6959112"
"1529863600193","63.60424","75.410995","0.9122938"
"1529863601110","66.42066","75.29293","1.1549885"
"1529863601997","67.41573","75.20421","0.8728874"
"1529863602914","67.669174","75.12632","0.7645212"
"1529863603803","66.42066","75.05175","0.7312192"
"1529863604601","74.07407","74.96544","0.8448629"
"1529863605527","64.7482","74.95653","0.12121837"
"1529863607141","74.380165","74.85445","0.9955771"
"1529863609901","65.13872","74.8497","0.10977658"
"1529863610774","73.77049","74.752594","0.94706655"
"1529863611571","69.76744","74.742775","0.1346919"
"1529863614122","72.0","74.69302","0.48537534"
"1529863614961","72.289154","74.66609","0.26706776"
"1529863615888","65.21739","74.64232","0.23332903"
"1529863616822","69.76744","74.54807","0.91940325"
"1529863617694","67.669174","74.50027","0.47518054"
"1529863618552","71.14625","74.43195","0.66785175"
"1529863619350","69.23077","74.39909","0.32730362"
"1529863620234","67.41573","74.34741","0.50507045"
"1529863621779","77.25322","74.2781","0.67785305"
"1529863622691","68.181816","74.30785","0.297943"
"1529863623604","65.69343","74.24659","0.5981455"
"1529863624422","70.86614","74.16106","0.83623517"
"1529863625270","71.42857","74.128105","0.33201897"
"1529863626092","72.58064","74.10111","0.26534057"
"1529863627023","66.42066","74.08591","0.15062964"
"1529863627828","72.0","74.009254","0.74765664"
"1529863628693","70.588234","73.98916","0.2097194"
"1529863629497","72.58064","73.95515","0.33231598"
"1529863630362","71.42857","73.9414","0.1380976"
"1529863631132","77.586205","73.91627","0.245436"
"1529863631962","71.14625","73.952965","0.35872835"
"1529863632772","74.380165","73.9249","0.2760481"
"1529863633592","75.0","73.92945","0.05227927"
"1529863635131","77.25322","73.940155","0.10452953"
"1529863636761","74.07407","73.97328","0.32325524"
"1529863637976","50.0","73.97429","0.033786867"
"1529863639923","60.81081","73.73454","2.337944"
"1529863642303","75.73633","73.60531","1.2818079"
"1529863643172","69.76744","73.62662","0.24416624"
"1529863643960","76.92308","73.58803","0.37713343"
"1529863645296","44.117645","73.621376","0.3274096"
"1529863647383","58.15832","73.32634","2.8773525"
"1529863649019","72.58064","73.17466","1.5068917"
"1529863650732","71.71315","73.16872","0.16143984"
"1529863651661","64.98195","73.15416","0.14285997"
"1529863653246","74.07407","73.07244","0.79707193"
"1529863654171","65.21739","73.08246","0.12607218"
"1529863655058","67.669174","73.00381","0.76709473"
"1529863655910","68.70229","72.95046","0.52585185"
"1529863656870","64.51613","72.90798","0.41760015"
"1529863658428","75.471695","72.824066","0.81942785"
"1529863659245","74.07407","72.85054","0.27088475"
"1529863660021","77.92208","72.86278","0.12235352"
"1529863660804","76.59574","72.91337","0.49352872"
"1529863661521","82.56881","72.950195","0.3624755"
"1529863662339","75.313805","73.04638","0.93869525"
"1529863663015","87.80488","73.06905","0.24021646"
"1529863663833","72.289154","73.216415","1.4372191"
"1529863664552","84.90566","73.207146","0.16980219"
"1529863666038","80.89888","73.32413","1.140951"
"1529863667522","40.44944","73.39987","0.74744"
"1529863668986","41.18993","73.070366","3.2141528"
"1529863671783","64.5933","72.751564","3.12551"
"1529863673019","48.0","72.66998","0.85477567"
"1529863674851","65.69343","72.42329","2.4073036"
"1529863676372","78.26087","72.35599","0.699045"
"1529863677124","80.0","72.41504","0.58006406"
"1529863677889","80.35714","72.49089","0.74194646"
"1529863678735","75.313805","72.56955","0.77068657"
"1529863679507","71.14625","72.59699","0.2784924"
"1529863680328","74.6888","72.58248","0.1441894"
"1529863681159","71.42857","72.603546","0.2059105"
"1529863681957","75.313805","72.5918","0.116417326"
"1529863682792","75.0","72.61902","0.2657017"
"1529863684120","44.334976","72.64283","0.23370542"
"1529863685583","40.909092","72.35975","2.7606442"
"1529863686951","43.583534","72.04524","3.079427"
"1529863687755","76.92308","71.76063","2.7925801"
"1529863688467","82.19178","71.812256","0.57570153"
"1529863689215","80.0","71.91605","1.0138335"
"1529863690023","73.46939","71.996895","0.79482836"
"1529863690775","80.71749","72.01162","0.16412592"
"1529863691543","78.26087","72.09868","0.84914404"
"1529863692329","76.92308","72.1603","0.6068989"
"1529863693081","77.92208","72.20793","0.4684082"
"1529863693824","84.11215","72.265076","0.5592015"
"1529863694641","73.46939","72.383545","1.1566644"
"1529863695404","76.59574","72.3944","0.15681684"
"1529863696990","76.43312","72.43642","0.4100091"
"1529863697747","80.0","72.47639","0.3919038"
"1529863698445","82.56881","72.55162","0.7347393"
"1529863699254","75.313805","72.651794","0.9796225"
"1529863699973","84.90566","72.67841","0.2774647"
"1529863700733","81.44797","72.80069","1.1927081"
"1529863701456","78.947365","72.88716","0.85166454"
"1529863702920","82.56881","72.94776","0.5970886"
"1529863703536","97.297295","73.043976","0.9401299"
"1529863704328","74.6888","73.28651","2.3670206"
"1529863707073","65.69343","73.30053","0.27336478"
"1529863708731","73.77049","73.22446","0.7423381"
"1529863709451","80.35714","73.22992","0.09135677"
"1529863710179","83.333336","73.30119","0.69509727"
"1529863710827","92.78351","73.40151","0.9807882"
"1529863711507","88.23529","73.59533","1.8926507"
"1529863712241","80.71749","73.74173","1.4401609"
"1529863712907","90.90909","73.811485","0.6953449"
"1529863713616","87.80488","73.98246","1.6687858"
"1529863714281","85.71429","74.12068","1.3582355"
"1529863714962","87.80488","74.23662","1.1387228"
"1529863716350","86.95652","74.3723","1.3280504"
"1529863717038","86.124405","74.49814","1.2343625"
"1529863717735","86.95652","74.6144","1.140478"
"1529863718419","87.80488","74.73782","1.2089788"
"1529863719130","84.11215","74.86849","1.2800049"
"1529863719849","84.50704","74.96093","0.9104723"
"1529863720516","87.37864","75.05639","0.9353666"
"1529863721230","85.30806","75.17961","1.2052851"
"1529863721937","83.72093","75.2809","0.99503976"
"1529863722716","86.53846","75.3653","0.8290538"
"1529863723350","85.30806","75.477036","1.0927414"
"1529863724069","82.94931","75.57535","0.9649161"
"1529863724768","86.53846","75.649086","0.72554445"
"1529863725444","87.37864","75.75798","1.0643934"
"1529863726166","83.72093","75.87418","1.1382198"
"1529863726874","85.30806","75.95265","0.77362376"
"1529863727591","83.72093","76.0462","0.9156018"
"1529863728320","82.56881","76.12295","0.7540098"
"1529863729064","78.947365","76.18741","0.63309807"
"1529863729756","93.26425","76.21501","0.2764928"
"1529863730432","84.11215","76.385506","1.6628498"
"1529863731789","89.330025","76.46277","0.77162325"
"1529863732465","88.23529","76.59144","1.2571689"
"1529863733079","95.74468","76.70788","1.1424316"
"1529863733759","92.78351","76.89825","1.8599565"
"1529863734372","93.26425","77.0571","1.5602363"
"1529863735737","91.83673","77.21917","1.5881833"
"1529863736339","90.0","77.36535","1.4343054"
"1529863737011","90.90909","77.49169","1.2404356"
"1529863737792","84.90566","77.62586","1.3143142"
"1529863738452","81.08108","77.69866","0.7219805"
"1529863739208","77.92208","77.73248","0.33765814"
"1529863740029","73.46939","77.73438","0.038496405"
"1529863740888","70.86614","77.691734","0.4159345"
"1529863741748","70.588234","77.62348","0.6669216"
"1529863742730","64.28571","77.55313","0.68930244"
"1529863743639","62.71777","77.420456","1.2956563"
"1529863744524","67.669174","77.27343","1.4396294"
"1529863745350","71.14625","77.17739","0.9475947"
"1529863746182","73.46939","77.11708","0.5957341"
"1529863746935","77.92208","77.080605","0.36067212"
"1529863747751","81.818184","77.08902","0.0896361"
"1529863748463","78.26087","77.136314","0.46126884"
"1529863749192","80.0","77.14756","0.11897137"
"1529863749915","82.56881","77.17609","0.2784204"
"1529863750757","76.92308","77.23001","0.5266282"
"1529863751436","82.19178","77.226944","0.060574576"
"1529863752266","72.8745","77.276596","0.48420197"
"1529863752969","85.71429","77.232574","0.43200913"
"1529863753821","73.77049","77.31739","0.82825327"
"1529863754540","78.60262","77.28192","0.35566723"
"1529863755286","78.947365","77.29513","0.1336139"
"1529863756061","77.586205","77.31165","0.1616768"
"1529863756848","77.25322","77.3144","0.03127667"
"1529863757582","81.08108","77.31379","0.00673644"
"1529863758336","78.60262","77.35146","0.36738163"
"1529863759081","81.818184","77.363976","0.12742245"
"1529863759846","78.947365","77.408516","0.4345557"
"1529863760551","86.95652","77.423904","0.15623176"
"1529863761255","82.94931","77.51923","0.9297394"
"1529863761973","84.11215","77.57353","0.53763443"
"1529863762699","82.94931","77.638916","0.6399006"
"1529863763422","83.333336","77.69202","0.5218017"
"1529863764152","82.19178","77.74843","0.5526035"
"1529863764929","77.586205","77.79286","0.43681943"
"1529863765702","76.92308","77.790794","0.048106655"
"1529863766455","80.0","77.78212","0.084755234"
"1529863767195","79.64602","77.8043","0.21645086"
"1529863767962","79.29515","77.822716","0.18090181"
"1529863768732","80.0","77.83744","0.144725"
"1529863770143","84.11215","77.85907","0.21138568"
"1529863770975","72.0","77.9216","0.61015886"
"1529863771750","85.71429","77.86238","0.5806811"
"1529863772454","76.92308","77.9409","0.7679062"
"1529863773949","80.17818","77.930725","0.12549385"
"1529863774714","78.947365","77.9532","0.21952744"
"1529863775516","75.0","77.96314","0.09940397"
"1529863776290","76.59574","77.93351","0.28913265"
"1529863777106","75.0","77.920135","0.1336234"
"1529863777933","71.14625","77.89094","0.28508157"
"1529863778802","70.86614","77.823494","0.65835136"
"1529863779559","78.60262","77.75392","0.6816588"
"1529863780318","76.59574","77.762405","0.107222036"
"1529863781125","75.63025","77.75074","0.11427585"
"1529863781894","79.29515","77.72954","0.20710336"
"1529863782631","80.71749","77.74519","0.15407488"
"1529863784102","83.333336","77.77492","0.29026377"
"1529863784848","80.0","77.830505","0.5428261"
"1529863785666","78.26087","77.8522","0.21841884"
"1529863786406","76.27119","77.85629","0.045445517"
"1529863787182","77.25322","77.84044","0.15464401"
"1529863788778","75.94936","77.834564","0.05931598"
"1529863789537","76.27119","77.81571","0.18393798"
"1529863790292","78.60262","77.80027","0.15173942"
"1529863791049","78.947365","77.8083","0.07970194"
"1529863791880","72.8745","77.81969","0.11136608"
"1529863792689","77.92208","77.77023","0.48237702"
"1529863793436","77.586205","77.77175","0.050459426"
"1529863794209","75.94936","77.7699","0.018784845"
"1529863794944","83.333336","77.75169","0.17754622"
"1529863795695","82.94931","77.80751","0.54460406"
"1529863796404","79.64602","77.858925","0.5043709"
"1529863797150","81.818184","77.87679","0.18142718"
"1529863797849","84.90566","77.91621","0.3847874"
"1529863798576","82.56881","77.9861","0.68268824"
"1529863799329","79.64602","78.03193","0.4520841"
"1529863800093","80.0","78.04807","0.1637673"
"1529863800830","79.29515","78.06759","0.19105294"
"1529863801581","81.08108","78.079865","0.12122524"
"1529863802377","76.27119","78.10988","0.2929252"
"1529863803184","74.380165","78.09149","0.18168381"
"1529863803941","77.586205","78.054375","0.3623792"
"1529863804760","77.92208","78.04969","0.05828871"
"1529863805534","72.8745","78.048416","0.013741942"
"1529863806315","78.26087","77.99667","0.5045556"
"1529863807071","78.947365","77.99931","0.05665309"
"1529863807833","78.26087","78.0088","0.0926259"
"1529863809387","76.92308","78.011314","0.026269518"
"1529863810208","75.0","78.000435","0.10615597"
"1529863810904","85.71429","77.97043","0.29279086"
"1529863811726","81.44797","78.04787","0.75573856"
"1529863812354","82.19178","78.08187","0.34007668"
"1529863813109","78.60262","78.12297","0.4022332"
"1529863813794","88.66995","78.12777","0.061691187"
"1529863814575","76.92308","78.23319","1.0280786"
"1529863815262","87.37864","78.22009","0.16398849"
"1529863815969","83.333336","78.311676","0.89328045"
"1529863816760","77.586205","78.36189","0.4977864"
"1529863817503","79.64602","78.35413","0.090553366"
"1529863818224","84.11215","78.36705","0.12630825"
"1529863818906","88.23529","78.4245","0.5603975"
"1529863819777","67.92453","78.522606","0.95837575"
"1529863820461","90.0","78.416626","1.0379449"
"1529863821213","78.60262","78.53246","1.1343541"
"1529863821909","87.37864","78.533165","0.11364156"
"1529863822687","82.94931","78.62162","0.8626741"
"1529863823386","78.947365","78.664894","0.43075782"
"1529863824081","86.95652","78.66772","0.05113047"
"1529863824795","85.30806","78.7506","0.8083299"
"1529863825495","82.94931","78.81618","0.6445634"
"1529863826293","75.94936","78.857506","0.40817946"
"1529863827067","76.92308","78.82842","0.28652048"
"1529863827781","85.30806","78.80937","0.18800294"
"1529863828554","79.29515","78.87436","0.6340225"
"1529863829280","80.35714","78.87857","0.075522795"
"1529863830063","77.92208","78.89336","0.1443858"
"1529863830843","75.63025","78.883644","0.095811754"
"1529863831736","72.289154","78.85111","0.31741178"
"1529863832450","77.92208","78.78549","0.6407004"
"1529863833252","75.0","78.776855","0.105803385"
"1529863834058","75.313805","78.73909","0.36846635"
"1529863834837","77.25322","78.704834","0.33605525"
"1529863835564","81.818184","78.690315","0.14549355"
"1529863836283","83.333336","78.721596","0.30537236"
"1529863837101","74.380165","78.767715","0.45076632"
"1529863837795","84.11215","78.72384","0.43023607"
"1529863838501","85.30806","78.777725","0.5272195"
"1529863839252","81.44797","78.843025","0.6390088"
"1529863840006","79.64602","78.86907","0.26194468"
"1529863840759","82.56881","78.87684","0.08016739"
"1529863841361","93.26425","78.91376","0.3601256"
"1529863842204","72.8745","79.05726","1.3999054"
"1529863842842","93.26425","78.99543","0.61897326"
"1529863843712","73.46939","79.138115","1.3928535"
"1529863844383","81.818184","79.08143","0.570084"
"1529863845903","79.29515","79.108795","0.27290574"
"1529863847235","88.888885","79.11066","0.032787897"
"1529863847897","87.80488","79.20844","0.9535656"
"1529863848681","83.72093","79.29441","0.8437189"
"1529863849317","87.37864","79.33868","0.43983683"
"1529863850095","76.92308","79.419075","0.7852797"
"1529863850769","89.55224","79.39411","0.25575975"
"1529863851518","80.35714","79.49569","0.99093795"
"1529863852288","78.26087","79.5043","0.12991096"
"1529863853040","78.60262","79.49187","0.12195157"
"1529863853810","80.35714","79.48297","0.08757091"
"1529863854489","86.53846","79.491714","0.08569623"
"1529863855289","75.0","79.56218","0.6872432"
"1529863856030","82.19178","79.516556","0.45017442"
"1529863856725","93.75","79.543304","0.26474035"
"1529863857374","83.72093","79.68537","1.3856716"
"1529863858063","87.80488","79.72572","0.41722536"
"1529863858749","90.45226","79.80652","0.78897244"
"1529863859437","83.333336","79.91298","1.0411527"
"1529863860152","84.50704","79.94718","0.34942076"
"1529863860852","84.90566","79.99278","0.44604227"
"1529863861613","80.35714","80.04191","0.4811699"
"1529863862314","84.50704","80.04506","0.057098683"
"1529863863093","77.586205","80.089676","0.4351646"
"1529863863800","85.71429","80.064644","0.2479836"
"1529863864493","84.90566","80.12114","0.55150384"
"1529863865235","82.94931","80.16898","0.46982878"
"1529863866042","78.26087","80.196785","0.27517465"
"1529863866693","86.95652","80.17743","0.19078301"
"1529863867501","82.19178","80.24522","0.66136384"
"1529863868109","85.30806","80.26468","0.2010179"
"1529863868918","75.63025","80.31511","0.492235"
"1529863870945","87.94788","80.26826","0.45950532"
"1529863871736","76.92308","80.345055","0.75031555"
"1529863873837","86.4","80.31084","0.3420379"
"1529863875151","90.45226","80.37173","0.59479195"
"1529863876699","78.43137","80.472534","0.98483855"
"1529863877400","85.71429","80.452126","0.2220825"
"1529863878068","87.80488","80.504745","0.51363975"
"1529863879536","83.14088","80.57774","0.7137505"
"1529863880251","80.35714","80.60338","0.25994417"
"1529863880984","84.11215","80.600914","0.035388123"
"1529863881730","80.35714","80.636024","0.3424299"
"1529863882488","81.44797","80.63323","0.04372886"
"1529863883206","80.71749","80.64138","0.07957212"
"1529863883919","82.56881","80.64214","0.010881363"
"1529863884686","78.26087","80.66141","0.18788941"
"1529863885487","75.94936","80.637405","0.23485027"
"1529863886284","75.0","80.59052","0.45777443"
"1529863887065","76.92308","80.534615","0.5470989"
"1529863887879","73.17073","80.4985","0.356416"
"1529863888673","75.313805","80.42522","0.7154824"
"1529863889457","77.586205","80.3741","0.50356686"
"1529863890197","81.44797","80.34622","0.27649635"
"1529863891043","71.14625","80.35724","0.110941626"
"1529863892550","80.0","80.26513","0.89831257"
"1529863893309","77.586205","80.262474","0.093477905"
"1529863894080","78.26087","80.23571","0.2611536"
"1529863894880","73.77049","80.215965","0.19434667"
"1529863895655","80.35714","80.15151","0.6288548"
"1529863896534","71.71315","80.15357","0.066005096"
"1529863897271","75.94936","80.06917","0.82312566"
"1529863898006","80.0","80.02797","0.41010344"
"1529863900261","80.23774","80.02769","0.04110093"
"1529863901048","75.63025","80.029785","0.020892559"
"1529863901723","88.66995","79.98579","0.4290419"
"1529863902544","77.586205","80.07263","0.8479545"
"1529863903327","74.07407","80.04777","0.2568726"
"1529863904800","80.53691","79.98803","0.5831129"
"1529863905552","80.0","79.993515","0.079153635"
"1529863906427","70.03891","79.993576","0.007940616"
"1529863907198","78.947365","79.89403","0.9707664"
"1529863907960","76.27119","79.88456","0.13396396"
"1529863908659","86.53846","79.84843","0.35262614"
"1529863909481","73.17073","79.91533","0.65335554"
"1529863910982","79.82262","79.847885","0.6609619"
"1529863911610","95.2381","79.84763","0.06614211"
"1529863912347","80.71749","80.00154","1.5008727"
"1529863913068","82.94931","80.0087","0.16553205"
"1529863914635","82.004555","80.0381","0.28724238"
"1529863915315","76.92308","80.05776","0.19390573"
"1529863916066","80.71749","80.02641","0.30630428"
"1529863916798","81.44797","80.033325","0.07402721"
"1529863917615","78.60262","80.04747","0.13815273"
"1529863918326","78.26087","80.03302","0.14157516"
"1529863919047","85.71429","80.0153","0.1733964"
"1529863919833","75.313805","80.07229","0.5560285"
"1529863920615","76.92308","80.024704","0.46736068"
"1529863921362","81.08108","79.99369","0.30605608"
"1529863922133","76.92308","80.00456","0.11036917"
"1529863922893","78.60262","79.97375","0.30070475"
"1529863923636","80.0","79.96004","0.13705"
"1529863924453","77.92208","79.960434","0.014248396"
"1529863925194","76.59574","79.94005","0.19878246"
"1529863925975","76.92308","79.90661","0.32673812"
"1529863926727","81.08108","79.87677","0.2927784"
"1529863927523","77.25322","79.88882","0.12103658"
"1529863928292","75.63025","79.86246","0.25730455"
"1529863930538","83.98134","79.82014","0.413521"
"1529863931139","84.11215","79.86175","0.4078967"
"1529863931850","86.124405","79.90425","0.41649625"
"1529863932577","82.56881","79.96645","0.6080096"
"1529863933300","89.55224","79.99248","0.2609602"
"1529863933958","85.71429","80.08807","0.93262094"
"1529863934606","90.90909","80.14433","0.5565313"
"1529863935288","87.37864","80.25198","1.051239"
"1529863935982","86.95652","80.32325","0.70288795"
"1529863936683","85.71429","80.38958","0.6506759"
"1529863937355","90.0","80.442825","0.52331966"
"1529863938071","85.71429","80.5384","0.9334713"
"1529863938772","84.50704","80.59016","0.51330525"
"1529863939555","84.11215","80.629326","0.38540316"
"1529863940214","81.44797","80.664154","0.34182042"
"1529863940951","81.08108","80.67199","0.08373165"
"1529863941704","80.0","80.67608","0.040763136"
"1529863942491","83.72093","80.66932","0.06605634"
"1529863943165","80.0","80.69984","0.29766253"
"1529863943931","78.947365","80.69284","0.074456275"
"1529863944687","81.44797","80.675385","0.17037919"
"1529863945405","82.19178","80.68311","0.07724352"
"1529863946102","86.124405","80.6982","0.14732623"
"1529863946780","86.95652","80.75246","0.52936214"
"1529863947563","81.08108","80.8145","0.6073236"
"1529863948291","79.64602","80.81716","0.06606246"
"1529863949024","82.19178","80.80545","0.11439926"
"1529863949790","78.60262","80.81931","0.13567631"
"1529863951283","80.0","80.79715","0.21659449"
"1529863952076","75.94936","80.78918","0.08069793"
"1529863952870","76.27119","80.740776","0.4720411"
"1529863953659","77.586205","80.69608","0.43841752"
"1529863954424","77.92208","80.664986","0.30642405"
"1529863955156","81.08108","80.63756","0.26923412"
"1529863955890","80.35714","80.64199","0.05094684"
"1529863956658","78.60262","80.639145","0.02824191"
"1529863957405","81.818184","80.61878","0.19861932"
"1529863958123","82.19178","80.630775","0.118638605"
"1529863958872","80.71749","80.646385","0.1526888"
"1529863959623","80.35714","80.647095","0.016769717"
"1529863960453","75.0","80.644196","0.028325776"
"1529863962057","72.0","80.58775","0.55042195"
"1529863962901","69.76744","80.50188","0.8392737"
"1529863963726","73.77049","80.39453","1.0501673"
"1529863964580","70.588234","80.32829","0.6544487"
"1529863965350","76.92308","80.230896","0.9520904"
"1529863966132","77.92208","80.197815","0.33633098"
"1529863966964","71.42857","80.17506","0.22446063"
"1529863967754","76.59574","80.08759","0.85324126"
"1529863968566","76.92308","80.05267","0.35104787"
"1529863969279","80.71749","80.02138","0.3072062"
"1529863970061","76.27119","80.028336","0.07451208"
"1529863970820","78.947365","79.99076","0.36646777"
"1529863971571","80.71749","79.98032","0.10814859"
"1529863972345","76.59574","79.98769","0.07269673"
"1529863973170","72.58064","79.95377","0.33085868"
"1529863974012","72.0","79.88004","0.7197792"
"1529863974818","74.07407","79.80124","0.77181494"
"1529863975643","72.8745","79.743965","0.5638133"
"1529863976497","71.14625","79.67527","0.6722702"
"1529863977316","72.289154","79.58998","0.8344519"
"1529863979672","78.947365","79.516975","0.7168409"
"1529863980404","81.818184","79.51128","0.09068695"
"1529863981902","80.0","79.53435","0.22514917"
"1529863982629","82.56881","79.539","0.05068528"
"1529863983300","89.55224","79.5693","0.29550666"
"1529863983996","86.95652","79.66913","0.97397184"
"1529863984711","83.333336","79.742004","0.7173001"
"1529863985479","82.19178","79.777916","0.35749236"
"1529863986226","77.92208","79.802055","0.23809597"
"1529863987031","73.46939","79.78326","0.1848724"
"1529863987763","81.08108","79.720116","0.6159974"
"1529863988592","73.46939","79.73373","0.1463178"
"1529863989476","74.6888","79.67108","0.61106503"
"1529863990232","73.46939","79.62126","0.48969385"
"1529863991083","68.965515","79.559746","0.6019181"
"1529863991907","72.58064","79.453804","1.0348878"
"1529863992727","74.07407","79.38507","0.67820406"
"1529863993560","72.0","79.33196","0.5223434"
"1529863994428","70.588234","79.258644","0.71690917"
"1529863995231","71.71315","79.17194","0.84856147"
"1529863996076","72.8745","79.09736","0.7323053"
"1529863996868","73.46939","79.03513","0.61124843"
"1529863997655","76.59574","78.97948","0.5461952"
"1529863998543","75.0","78.95564","0.23878977"
"1529863999242","77.586205","78.916084","0.3864874"
"1529864000027","76.27119","78.90279","0.13532467"
"1529864000826","76.59574","78.87647","0.25698698"
"1529864001597","75.0","78.85367","0.22389403"
"1529864002520","73.77049","78.81513","0.3764712"
"1529864003231","74.6888","78.76469","0.4933853"
"1529864004037","74.07407","78.72393","0.4005263"
"1529864004817","76.59574","78.67743","0.45521328"
"1529864005618","75.94936","78.65661","0.20804441"
"1529864006501","74.380165","78.62954","0.26482582"
"1529864007202","75.94936","78.58704","0.4152387"
"1529864007958","80.71749","78.56067","0.26055345"
"1529864008719","78.60262","78.58224","0.21193823"
"1529864009542","75.0","78.58244","0.021286836"
"1529864010284","79.29515","78.546616","0.34936145"
"1529864011066","77.92208","78.5541","0.08092584"
"1529864011856","73.46939","78.54778","0.062163"
"1529864012692","72.289154","78.497","0.49527755"
"1529864013600","69.49807","78.43492","0.60740376"
"1529864014465","71.71315","78.34555","0.8736242"
"1529864015217","72.0","78.27923","0.6526568"
"1529864016728","79.4702","78.21644","0.6158108"
"1529864017802","56.782333","78.22897","0.13689803"
"1529864018622","74.07407","78.0145","2.0914934"
"1529864019393","78.60262","77.9751","0.43749678"
"1529864020148","75.94936","77.98138","0.07522549"
"1529864020999","72.58064","77.96106","0.19830233"
"1529864021775","75.63025","77.90726","0.52506614"
"1529864022633","70.3125","77.88448","0.22817403"
"1529864023423","78.26087","77.80876","0.7387624"
"1529864024171","78.60262","77.813286","0.086032145"
"1529864024988","72.289154","77.82118","0.077454135"
"1529864025743","80.71749","77.76586","0.5395318"
"1529864026568","77.586205","77.79538","0.29285187"
"1529864027276","78.26087","77.79329","0.035689294"
"1529864028027","80.71749","77.797966","0.045737423"
"1529864028828","75.0","77.82716","0.28474486"
"1529864029645","74.07407","77.79889","0.27716762"
"1529864030497","77.25322","77.76164","0.36429527"
"1529864031287","68.70229","77.75656","0.061525527"
"1529864032110","72.58064","77.666016","0.8829817"
"1529864032966","71.71315","77.61516","0.5037181"
"1529864033785","72.0","77.55614","0.5777562"
"1529864034538","82.19178","77.50057","0.5448986"
"1529864035477","67.92453","77.547485","0.46071416"
"1529864036155","80.0","77.451256","0.93954855"
"1529864036935","75.63025","77.476746","0.26571533"
"1529864037723","76.59574","77.45828","0.1820181"
"1529864038541","78.26087","77.44965","0.08606044"
"1529864040061","75.0","77.45776","0.07957591"
"1529864040748","88.23529","77.43319","0.23981036"
"1529864041513","82.94931","77.541214","1.0536796"
"1529864042196","82.56881","77.59529","0.5378138"
"1529864043622","84.50704","77.64503","0.48798376"
"1529864044323","86.124405","77.713646","0.6709519"
"1529864045014","86.53846","77.79775","0.82294625"
"1529864045720","85.71429","77.88516","0.8563457"
"1529864046498","85.30806","77.963455","0.76827353"
"1529864047128","84.90566","78.0369","0.7203449"
"1529864047853","84.11215","78.10559","0.6736948"
"1529864049240","87.37864","78.16566","0.58961356"
"1529864049926","88.66995","78.25779","0.9003706"
"1529864050627","86.124405","78.36191","1.0193652"
"1529864051312","86.53846","78.43953","0.76382166"
"1529864052018","87.37864","78.520515","0.79348254"
"1529864052667","90.0","78.6091","0.8674692"
"1529864053311","92.78351","78.72301","1.1142081"
"1529864054002","88.23529","78.86361","1.3756819"
"1529864054657","90.90909","78.95733","0.9242099"
"1529864055317","89.55224","79.07684","1.1691791"
"1529864056008","88.66995","79.181595","1.0282164"
"1529864056677","90.0","79.27648","0.9309876"
"1529864057427","85.30806","79.38372","1.0498793"
"1529864058068","86.53846","79.44296","0.587196"
"1529864058777","85.30806","79.513916","0.694431"
"1529864059529","82.19178","79.57185","0.56928915"
"1529864060234","83.72093","79.59805","0.26175752"
"1529864060963","81.818184","79.63928","0.402909"
"1529864061652","86.95652","79.66107","0.21626987"
"1529864062416","82.56881","79.734024","0.7117716"
"1529864063074","85.71429","79.762375","0.28546044"
"1529864063760","85.30806","79.82189","0.5811246"
"1529864064476","89.10891","79.876755","0.5381508"
"1529864065137","87.37864","79.96908","0.90191466"
"1529864065846","85.30806","80.043175","0.7281779"
"1529864066548","86.53846","80.095825","0.51856273"
"1529864067241","85.30806","80.16025","0.63041425"
"1529864067987","82.19178","80.21172","0.5059511"
"1529864068712","81.08108","80.23152","0.19961138"
"1529864069492","80.35714","80.24002","0.08521804"
"1529864070210","78.947365","80.241196","0.014249854"
"1529864070982","79.29515","80.22826","0.12618066"
"1529864071735","78.60262","80.218925","0.09186597"
"1529864072444","83.72093","80.20276","0.15788688"
"1529864073173","84.11215","80.23794","0.3434511"
"1529864073924","81.818184","80.27668","0.37936628"
"1529864075324","86.124405","80.29209","0.15503886"
"1529864076047","84.11215","80.35042","0.5689707"
"1529864076825","77.25322","80.38804","0.37122533"
"1529864077584","78.60262","80.35669","0.30794916"
"1529864078405","75.313805","80.33915","0.17380428"
"1529864079162","75.63025","80.288895","0.49037316"
"1529864079949","78.26087","80.24231","0.45694414"
"1529864080713","77.586205","80.222496","0.19855677"
"1529864081540","75.63025","80.19614","0.25785372"
"1529864082250","82.56881","80.150475","0.4460052"
"1529864083008","78.947365","80.17466","0.24001311"
"1529864083760","78.60262","80.162384","0.12206684"
"1529864084556","75.313805","80.14679","0.15259522"
"1529864085349","77.25322","80.09846","0.47155324"
"1529864086089","78.947365","80.07001","0.2814427"
"1529864087607","80.35714","80.058784","0.113038726"
"1529864088353","79.64602","80.06177","0.03121396"
"1529864089102","81.08108","80.05761","0.040663198"
"1529864089841","81.44797","80.06784","0.09989045"
"1529864090589","79.29515","80.08164","0.13495836"
"1529864091374","76.59574","80.07378","0.07787586"
"1529864092301","64.7482","80.038994","0.3392627"
"1529864093164","69.76744","79.886086","1.4915246"
"1529864094033","68.70229","79.7849","0.9979659"
"1529864094764","82.19178","79.67407","1.0853592"
"1529864095606","72.289154","79.69925","0.2684435"
"1529864097032","83.916084","79.625145","0.7231211"
"1529864097750","84.50704","79.66805","0.42464927"
"1529864098449","85.30806","79.716446","0.47379854"
"1529864099189","81.44797","79.77236","0.5473416"
"1529864099887","85.30806","79.789116","0.17232646"
"1529864100585","86.95652","79.84431","0.538476"
"1529864101317","80.35714","79.91543","0.6956612"
"1529864102714","86.53846","79.919846","0.081822425"
"1529864103330","96.77419","79.98603","0.64549077"
"1529864104047","84.11215","80.153915","1.6384318"
"1529864105437","89.10891","80.1935","0.4193356"
"1529864106040","94.73684","80.28265","0.87043005"
"1529864106685","90.45226","80.42719","1.412239"
"1529864107431","84.11215","80.52744","0.9877796"
"1529864109011","74.534164","80.56329","0.36326355"
"1529864110552","79.64602","80.503006","0.58907443"
"1529864111348","73.46939","80.49444","0.102246985"
"1529864112857","80.0","80.42419","0.6851498"
"1529864113566","87.37864","80.419945","0.080034114"
"1529864114284","81.08108","80.48953","0.6786501"
"1529864116589","78.03468","80.495445","0.0890699"
"1529864118072","80.0","80.47084","0.24013588"
"1529864118834","78.947365","80.46613","0.051816203"
"1529864119544","84.11215","80.45094","0.14819871"
"1529864120256","86.124405","80.48756","0.35734373"
"1529864121053","75.313805","80.54392","0.55085874"
"1529864121785","82.19178","80.49162","0.51300067"
"1529864122582","76.59574","80.50862","0.17355259"
"1529864123289","82.19178","80.46949","0.3819733"
"1529864124054","78.60262","80.48671","0.17224461"
"1529864124814","79.64602","80.467865","0.18453895"
"1529864125573","77.25322","80.45965","0.08224264"
"1529864126398","75.0","80.42758","0.31279474"
"1529864127180","74.6888","80.37331","0.5302143"
"1529864127983","75.94936","80.31646","0.5568758"
"1529864128756","78.947365","80.27279","0.4294991"
"1529864129551","75.63025","80.25954","0.13620299"
"1529864131062","82.56881","80.21324","0.4516474"
"1529864131842","75.94936","80.23679","0.23411025"
"1529864132605","78.26087","80.19392","0.4187593"
"1529864133359","82.19178","80.17458","0.19310302"
"1529864134112","77.25322","80.194756","0.19765994"
"1529864134907","75.94936","80.16534","0.28753465"
"1529864135679","77.92208","80.12318","0.4121405"
"1529864136528","76.27119","80.101166","0.21856894"
"1529864137235","77.92208","80.06287","0.37413365"
"1529864137999","78.60262","80.04146","0.21209256"
"1529864138796","75.63025","80.02707","0.1419072"
"1529864139561","78.60262","79.9831","0.42900702"
"1529864140330","77.25322","79.9693","0.14129315"
"1529864141095","78.26087","79.94214","0.26524523"
"1529864141855","80.71749","79.92532","0.16608644"
"1529864142695","71.14625","79.93324","0.079016626"
"1529864144077","85.91885","79.845375","0.8569331"
"1529864144814","83.72093","79.90611","0.5984447"
"1529864145604","80.35714","79.94426","0.3767991"
"1529864146253","85.30806","79.94839","0.055144694"
"1529864147006","80.71749","80.00198","0.5226975"
"1529864147740","81.44797","80.00914","0.08718206"
"1529864148503","81.818184","80.02353","0.14058313"
"1529864149265","77.25322","80.04147","0.17557639"
"1529864150011","78.60262","80.01359","0.27247292"
"1529864150786","77.92208","79.99948","0.14026766"
"1529864151538","81.44797","79.97871","0.20307034"
"1529864152251","82.19178","79.9934","0.14471221"
"1529864153021","78.60262","80.01538","0.21487136"
"1529864153760","80.71749","80.00125","0.13943568"
"1529864154500","81.44797","80.008415","0.07122483"
"1529864155258","78.26087","80.02281","0.14056376"
"1529864156003","81.818184","80.005196","0.17239644"
"1529864156756","79.64602","80.02332","0.17763905"
"1529864157527","79.29515","80.01955","0.040857617"
"1529864158296","76.59574","80.01231","0.07076056"
"1529864159045","78.947365","79.97814","0.33325428"
"1529864159833","77.586205","79.967834","0.1059003"
"1529864160607","76.59574","79.944016","0.23249455"
"1529864161342","80.35714","79.91053","0.32734582"
"1529864162135","78.26087","79.91499","0.054483235"
"1529864162929","75.313805","79.89845","0.16139986"
"1529864163748","72.289154","79.85261","0.4473804"
"1529864164594","71.42857","79.77697","0.73893356"
"1529864165437","73.17073","79.69349","0.8174718"
"1529864166183","78.60262","79.62826","0.641322"
"1529864166952","76.59574","79.618004","0.118813746"
"1529864167785","74.6888","79.58778","0.29496682"
"1529864168529","79.64602","79.538795","0.47865278"
"1529864169282","78.26087","79.53987","0.048993997"
"1529864170045","77.586205","79.527084","0.12482288"
"1529864170849","75.313805","79.507675","0.18968323"
"1529864171644","75.94936","79.46574","0.40942052"
"1529864172517","76.59574","79.43057","0.34534764"
"1529864173183","79.64602","79.40222","0.2785976"
"1529864173973","75.63025","79.40466","0.03662501"
"1529864174762","75.94936","79.36692","0.36809438"
"1529864175543","79.29515","79.33275","0.33530268"
"1529864176279","80.35714","79.332375","0.033730157"
"1529864177049","77.586205","79.34262","0.099990815"
"1529864177791","80.35714","79.32506","0.1715752"
"1529864178591","76.27119","79.33538","0.10209907"
"1529864179359","77.586205","79.30474","0.29899085"
"1529864180158","76.59574","79.28755","0.17023532"
"1529864180936","75.0","79.260635","0.2630535"
"1529864181778","72.0","79.21803","0.41632396"
"1529864182636","71.42857","79.14585","0.7051233"
"1529864183470","72.0","79.06868","0.75587523"
"1529864184247","74.380165","78.99799","0.69346046"
"1529864185056","75.94936","78.95181","0.45563254"
"1529864185873","71.42857","78.92179","0.29631922"
"1529864186668","76.27119","78.846855","0.73132914"
"1529864187484","77.586205","78.8211","0.26160607"
"1529864188273","73.17073","78.80875","0.12323371"
"1529864189103","72.58064","78.752365","0.54995006"
"1529864189972","68.70229","78.69065","0.6043661"
"1529864190792","72.0","78.59077","0.9759249"
"1529864191661","71.14625","78.52486","0.65009"
"1529864192535","68.70229","78.45107","0.7224834"
"1529864193385","69.49807","78.353584","0.95342976"
"1529864194217","71.71315","78.26503","0.86882573"
"1529864195028","74.07407","78.19951","0.64481086"
"1529864195869","71.14625","78.15826","0.40744203"
"1529864196699","71.71315","78.088135","0.6850147"
"1529864197531","75.0","78.02438","0.6254428"
"1529864198294","76.27119","77.99414","0.3014928"
"1529864199108","73.17073","77.97691","0.17070402"
"1529864199942","72.289154","77.92885","0.46900323"
"1529864200748","74.380165","77.87245","0.5519719"
"1529864201551","75.94936","77.83753","0.34500772"
"1529864202381","72.289154","77.81865","0.18733598"
"1529864203228","70.588234","77.76335","0.5395543"
"1529864204076","71.14625","77.6916","0.70178515"
"1529864204883","73.17073","77.626144","0.6421405"
"1529864205752","70.86614","77.58159","0.43920565"
"1529864206562","74.380165","77.514435","0.65635294"
"1529864207310","77.586205","77.48309","0.31261793"
"1529864208153","73.17073","77.48412","0.032839164"
"1529864208936","75.313805","77.44099","0.42064908"
"1529864209688","78.947365","77.419716","0.21166219"
"1529864210508","77.586205","77.43499","0.15047073"
"1529864211304","71.71315","77.4365","0.021068243"
"1529864212059","82.19178","77.379265","0.5581376"
"1529864212866","72.58064","77.42739","0.47261745"
"1529864213582","84.90566","77.37892","0.47500554"
"1529864214470","69.23077","77.454185","0.7355339"
"1529864215197","80.71749","77.37195","0.8053031"
"1529864215889","85.30806","77.4054","0.33604497"
"1529864216667","77.586205","77.48443","0.77138937"
"1529864217457","75.313805","77.48544","0.07777486"
"1529864218227","77.25322","77.46373","0.21191847"
"1529864219078","71.42857","77.461624","0.02950456"
"1529864219823","81.08108","77.40129","0.5883425"
"1529864220648","72.289154","77.43809","0.36363927"
"1529864221455","77.92208","77.3866","0.5034323"
"1529864222215","74.6888","77.39195","0.07253504"
"1529864223037","73.77049","77.36492","0.26370808"
"1529864223855","73.46939","77.32898","0.3515149"
"1529864224652","75.63025","77.29038","0.3780199"
"1529864225478","75.0","77.27378","0.16624884"
"1529864226252","75.313805","77.251045","0.22235876"
"1529864227033","76.27119","77.231674","0.19022146"
"1529864227843","74.6888","77.22207","0.09557749"
"1529864228667","72.0","77.19674","0.24722655"
"1529864229528","73.46939","77.144775","0.5073824"
"1529864230323","72.8745","77.108025","0.36199257"
"1529864231161","70.86614","77.06569","0.4144322"
"1529864231950","76.27119","77.00369","0.6059906"
"1529864232784","71.14625","76.99637","0.09367462"
"1529864233662","68.70229","76.93787","0.5705731"
"1529864234546","69.76744","76.85551","0.8051464"
"1529864235357","71.14625","76.78463","0.69589293"
"1529864236280","66.17647","76.72825","0.5542342"
"1529864237185","65.454544","76.622734","1.030488"
"1529864238092","65.93407","76.511055","1.0939721"
"1529864238953","70.03891","76.40529","1.0372399"
"1529864239869","66.42066","76.34162","0.62944573"
"1529864240785","65.21739","76.24241","0.9695244"
"1529864241659","68.70229","76.13216","1.0795078"
"1529864242520","72.0","76.05786","0.7325487"
"1529864243351","69.49807","76.01728","0.40244055"
"1529864244203","71.42857","75.95209","0.6370175"
"1529864245025","72.0","75.90685","0.44570306"
"1529864245815","75.63025","75.86778","0.3835893"
"1529864246621","78.947365","75.86541","0.04481059"
"1529864247362","77.25322","75.89623","0.3005814"
"1529864248119","78.947365","75.909805","0.13570218"
"1529864248856","82.19178","75.94018","0.2965299"
"1529864249607","78.60262","76.00269","0.610369"
"1529864250417","76.27119","76.028694","0.2607851"
"1529864251221","73.77049","76.03112","0.03520356"
"1529864252010","75.63025","76.008514","0.22048166"
"1529864252826","73.77049","76.00473","0.04297478"
"1529864253618","75.0","75.98239","0.21792272"
"1529864254446","73.77049","75.972565","0.0982486"
"1529864255244","74.380165","75.95055","0.21496812"
"1529864257048","66.54344","75.934845","0.15464322"
"1529864259361","78.48837","75.84093","0.91596776"
"1529864260056","83.72093","75.8674","0.27394268"
"1529864260801","82.19178","75.94594","0.7663559"
"1529864261560","80.71749","76.0084","0.6138884"
"1529864262228","86.53846","76.05549","0.4633098"
"1529864263776","77.08779","76.16032","1.0233355"
"1529864264488","90.45226","76.16959","0.13657458"
"1529864265066","97.82609","76.31242","1.3928943"
"1529864267157","57.0523","76.52756","2.1026042"
"1529864267957","76.27119","76.3328","1.9108055"
"1529864268700","80.35714","76.332184","0.19117498"
"1529864270584","64.7482","76.37244","0.3929735"
"1529864271674","54.21687","76.256195","1.1342617"
"1529864273092","42.45283","76.035805","2.1522381"
"1529864274540","41.666668","75.699974","3.282033"
"1529864275882","44.444443","75.35964","3.335073"
"1529864277243","43.79562","75.05049","3.0332015"
"1529864278502","48.648647","74.737946","3.062991"
"1529864279352","69.23077","74.47705","2.5625663"
"1529864281582","56.603775","74.42459","0.5722006"
"1529864283776","77.92208","74.24638","1.7388049"
"1529864284604","75.63025","74.28314","0.39839706"
"1529864285949","43.79562","74.296616","0.1372761"
"1529864287292","45.34005","73.99161","2.9744499"
"1529864291313","66.17647","73.70509","2.8098512"
"1529864292686","44.117645","73.62981","0.7861143"
"1529864294192","40.909092","73.33469","2.8790617"
"1529864296981","46.875","73.01043","3.175182"
"1529864297794","65.93407","72.74908","2.5683959"
"1529864299144","44.226044","72.68092","0.7124938"
"1529864300616","42.154568","72.39638","2.7757983"
"1529864301997","43.68932","72.093956","2.9621766"
"1529864303482","42.755344","71.809906","2.7857769"
"1529864304753","42.857143","71.51936","2.8470259"
"1529864306154","43.165466","71.23274","2.8095653"
"1529864306913","80.71749","70.95207","2.751467"
"1529864307575","90.90909","71.04973","0.99126273"
"1529864308272","84.90566","71.24832","1.9391946"
"1529864308945","86.53846","71.384895","1.3458898"
"1529864309734","77.25322","71.53643","1.4838725"
"1529864310431","87.80488","71.5936","0.5769041"
"1529864311081","88.66995","71.75571","1.5819559"
"1529864311819","85.30806","71.92485","1.6570241"
"1529864312549","84.11215","72.058685","1.3155903"
"1529864313309","79.64602","72.17922","1.1827778"
"1529864314642","44.77612","72.25389","0.7376961"
"1529864317246","68.01008","71.97911","2.680612"
"1529864318590","45.0","71.93942","0.47081685"
"1529864319998","43.062202","71.67003","2.6275198"
"1529864322125","57.416267","71.38395","2.8021445"
"1529864323351","46.875","71.24427","1.3906345"
"1529864324729","43.68932","71.00058","2.3805256"
"1529864326116","43.062202","70.72747","2.673977"
"1529864327303","50.5618","70.45082","2.7111008"
"1529864328657","46.272495","70.25193","1.9584081"
"1529864330138","78.43137","70.01214","2.3466303"
"1529864330827","89.55224","70.09633","0.85391"
"1529864332056","48.780487","70.290886","1.8992362"
"1529864333052","59.01639","70.07578","2.106247"
"1529864334615","77.08779","69.96519","1.098872"
"1529864336682","58.15832","70.036415","0.7032257"
"1529864338058","43.583534","69.91763","1.160469"
"1529864338923","68.181816","69.65429","2.570688"
"1529864340855","62.39168","69.639565","0.2944546"
"1529864342190","45.0","69.567085","0.7074173"
"1529864343569","44.117645","69.32141","2.3967946"
"1529864344888","44.554455","69.069374","2.4694977"
"1529864346365","41.666668","68.82423","2.4033844"
"1529864347109","79.29515","68.55265","2.6592531"
"1529864347776","89.55224","68.66007","1.08082"
"1529864348528","84.50704","68.868996","2.040242"
"1529864350083","67.41573","69.025375","1.5385896"
"1529864351336","48.12834","69.00928","0.21980032"
"1529864352131","73.77049","68.80047","2.0364008"
"1529864352830","85.71429","68.85017","0.5257137"
"1529864353596","80.35714","69.01881","1.6454076"
"1529864354252","89.55224","69.13219","1.1178757"
"1529864354975","82.56881","69.33639","1.9944725"
"1529864355684","86.53846","69.46871","1.3057313"
"1529864357431","70.17544","69.63941","1.6697329"
"1529864359164","68.44106","69.644775","0.17496419"
"1529864359979","72.289154","69.63274","0.11868107"
"1529864362760","64.5933","69.6593","0.25932205"
"1529864364306","77.75378","69.60864","0.49471024"
"1529864364986","87.80488","69.690094","0.7958421"
"1529864365716","84.50704","69.87124","1.7683226"
"1529864366534","75.94936","70.01759","1.4381778"
"1529864370006","68.246445","70.07691","0.5960687"
"1529864371496","41.76334","70.05861","0.18819408"
"1529864373512","59.60265","69.77566","2.7593827"
"1529864374418","63.60424","69.67393","1.0297196"
"1529864377662","55.44148","69.61323","0.6007979"
"1529864379155","39.91131","69.47151","1.3833163"
"1529864380499","45.801525","69.17591","2.8859904"
"1529864381907","41.958042","68.94217","2.2976375"
"1529864384541","69.23077","68.672325","2.641469"
"1529864385442","66.42066","68.67791","0.26970226"
"1529864386806","42.857143","68.655334","0.22176972"
"1529864389218","49.79253","68.397354","2.5159044"
"1529864390639","42.25352","68.2113","1.8316792"
"1529864391916","47.36842","67.95173","2.5379882"
"1529864393088","50.9915","67.745895","2.0232396"
"1529864395043","61.01695","67.578354","1.6463467"
"1529864396513","41.09589","67.51274","0.6607006"
"1529864398005","40.268456","67.24857","2.5769846"
"1529864399383","43.47826","66.978775","2.6436567"
"1529864400857","40.632053","66.74377","2.3069375"
"1529864402286","42.056076","66.48265","2.5568097"
"1529864403657","44.226044","66.23839","2.3957312"
"1529864405655","59.50413","66.018265","2.159943"
"1529864407138","40.723984","65.953125","0.6709666"
"1529864408440","46.753246","65.700836","2.4612286"
"1529864409884","41.18993","65.51136","1.8640646"
"1529864411314","42.45283","65.26814","2.3791082"
"1529864412580","46.632126","65.03999","2.2376041"
"1529864414043","41.18993","64.85591","1.8090035"
"1529864416051","59.50413","64.619255","2.3149555"
"1529864418924","62.7907","64.56811","0.54992026"
"1529864420950","59.60265","64.55033","0.18184483"
"1529864423143","54.628223","64.500854","0.48283413"
"1529864424598","43.583534","64.40213","0.9639765"
"1529864425847","45.0","64.19395","2.0324903"
"1529864427245","43.165466","64.00201","1.8827717"
"1529864428652","42.45283","63.79364","2.0406566"
"1529864430116","41.37931","63.58023","2.091109"
"1529864431611","39.7351","63.358223","2.1750805"
"1529864433121","39.82301","63.12199","2.313942"
"1529864433932","74.6888","62.889","2.2838392"
"1529864434626","86.124405","63.006996","1.1731465"
"1529864436117","40.268456","63.23817","2.2574303"
"1529864437602","40.17857","63.008472","2.2513235"
"1529864439090","41.37931","62.780174","2.237697"
"1529864440497","41.958042","62.566166","2.098947"
"1529864441316","72.58064","62.360085","2.020609"
"1529864443509","55.641422","62.46229","1.0169713"
"1529864444928","41.474655","62.39408","0.6728916"
"1529864447168","53.57143","62.184887","2.041145"
"1529864448574","42.65403","62.09875","0.8644175"
"1529864449950","43.68932","61.904305","1.8981936"
"1529864451343","42.755344","61.722157","1.7864156"
"1529864452103","79.64602","61.53249","1.8582262"
"1529864452802","87.37864","61.713627","1.7761552"
"1529864453513","83.72093","61.970276","2.5091136"
"1529864454201","86.53846","62.187782","2.1358852"
"1529864454983","76.27119","62.43129","2.384233"
"1529864455725","86.95652","62.569687","1.3705468"
"1529864457062","88.23529","62.813557","2.3821185"
"1529864457833","79.64602","63.067776","2.490513"
"1529864458519","84.90566","63.23356","1.6357597"
"1529864459191","88.66995","63.45028","2.1197567"
"1529864460052","69.76744","63.702477","2.4685085"
"1529864461477","83.52668","63.763126","0.6408943"
"1529864462203","84.50704","63.960762","1.9283817"
"1529864462949","80.35714","64.16622","2.0129056"
"1529864463693","85.71429","64.32813","1.5916966"
"1529864464389","78.947365","64.54199","2.0916157"
"1529864465084","88.23529","64.68604","1.4202796"
"1529864465840","78.947365","64.92153","2.3008804"
"1529864466523","89.55224","65.06179","1.3869989"
"1529864467286","77.25322","65.306694","2.3923013"
"1529864468443","51.8732","65.42616","1.1893184"
"1529864470069","74.6888","65.290634","1.327008"
"1529864470772","87.37864","65.38461","0.9260542"
"1529864471437","86.124405","65.60455","2.1468275"
"1529864472168","83.333336","65.80975","2.0125525"
"1529864472839","88.23529","65.98499","1.7206872"
"1529864473694","80.0","66.2075","2.1766324"
"1529864474337","80.71749","66.34542","1.3625256"
"1529864475028","86.53846","66.48914","1.408153"
"1529864475868","75.63025","66.68964","1.960248"
"1529864476553","82.94931","66.779045","0.8936414"
"1529864477294","82.19178","66.94075","1.5794334"
"1529864478087","75.0","67.09326","1.4956238"
"1529864478812","80.71749","67.17233","0.7854261"
"1529864479580","81.08108","67.307785","1.3232394"
"1529864480311","80.71749","67.44552","1.3496561"
"1529864481116","73.77049","67.57824","1.3012837"
"1529864481861","80.71749","67.64016","0.6177227"
"1529864482609","82.56881","67.770935","1.2767797"
"1529864483387","76.27119","67.918915","1.4487069"
"1529864484120","80.0","68.00243","0.82728654"
"1529864484814","93.75","68.122406","1.1729088"
"1529864485608","71.42857","68.378685","2.5019207"
"1529864486382","77.92208","68.40919","0.3886583"
"1529864487066","87.37864","68.50432","0.9284988"
"1529864488655","78.26087","68.69306","1.84294"
"1529864489374","78.947365","68.78874","0.9510671"
"1529864490085","82.94931","68.89033","0.99521077"
"1529864490755","91.83673","69.030914","1.3746216"
"1529864491623","70.03891","69.25897","2.228238"
"1529864493015","84.70588","69.26677","0.2354472"
"1529864493794","78.26087","69.42116","1.5057865"
"1529864494521","81.44797","69.50955","0.8750904"
"1529864496055","78.60262","69.62894","1.1675031"
"1529864496804","79.64602","69.71867","0.8828561"
"1529864497651","72.8745","69.81795","0.9721192"
"1529864498353","82.56881","69.84851","0.31352267"
"1529864499150","74.6888","69.975716","1.2408632"
"1529864499854","86.95652","70.02285","0.47606912"
"1529864500676","77.586205","70.192184","1.6520361"
"1529864501409","77.25322","70.26612","0.7397389"
"1529864502133","81.44797","70.33599","0.68537676"
"1529864502904","76.92308","70.44711","1.0857908"
"1529864503657","84.50704","70.51187","0.6407942"
"1529864504373","82.56881","70.651825","1.3662944"
"1529864505135","76.59574","70.770996","1.170133"
"1529864505846","84.11215","70.82925","0.5799486"
"1529864506618","78.60262","70.962074","1.2966297"
"1529864507325","83.72093","71.03848","0.7562942"
"1529864508081","80.71749","71.165306","1.2390865"
"1529864509543","82.19178","71.260826","0.93972194"
"1529864510291","80.35714","71.37013","1.0701071"
"1529864511062","76.27119","71.46","0.8829107"
"1529864511837","78.947365","71.50811","0.47741604"
"1529864512551","84.90566","71.582504","0.72703564"
"1529864513297","78.947365","71.71574","1.3012898"
"1529864513966","90.0","71.788055","0.7171243"
"1529864514767","74.380165","71.97018","1.7774526"
"1529864515543","78.947365","71.99428","0.29466462"
"1529864516214","87.80488","72.06381","0.67869574"
"1529864517004","75.94936","72.22122","1.5365484"
"1529864518489","81.08108","72.25851","0.39469996"
"1529864519285","76.27119","72.34673","0.8612706"
"1529864520848","76.10994","72.38598","0.3922792"
"1529864521542","86.124405","72.42322","0.3652685"
"1529864522131","102.27273","72.56023","1.3366218"
"1529864524553","74.48276","72.85735","2.9006062"
"1529864525286","81.818184","72.873604","0.33054477"
"1529864526063","77.92208","72.96305","0.87288994"
"1529864526833","78.26087","73.01264","0.49141285"
"1529864527514","87.80488","73.065125","0.51415443"
"1529864528232","83.333336","73.212524","1.4383209"
"1529864530436","78.26087","73.313736","0.9973936"
"1529864531132","85.71429","73.363205","0.49264076"
"1529864531780","92.78351","73.48672","1.2054687"
"1529864532525","82.94931","73.67969","1.8856553"
"1529864533303","76.27119","73.772385","0.92341954"
"1529864533976","88.23529","73.79737","0.26058984"
"1529864534734","90.90909","73.94175","1.4082086"
"1529864535400","78.60262","74.11142","1.6606151"
"1529864536881","80.89888","74.156334","0.46840107"
"1529864538254","44.334976","74.22376","0.6591904"
"1529864539649","86.124405","73.92487","2.9154613"
"1529864540368","82.56881","74.04687","1.2248855"
"1529864541047","88.66995","74.13209","0.8400271"
"1529864541767","82.56881","74.277466","1.4202005"
"1529864542499","81.44797","74.36038","0.82093877"
"1529864543218","85.30806","74.43126","0.6960304"
"1529864543937","82.19178","74.54002","1.0629733"
"1529864544702","80.35714","74.61654","0.7537229"
"1529864545382","85.30806","74.67394","0.56486744"
"1529864546134","81.44797","74.78028","1.038563"
"1529864546820","84.90566","74.846954","0.6584665"
"1529864547663","76.92308","74.94754","0.98312"
"1529864548313","86.53846","74.96729","0.21628733"
"1529864548997","87.37864","75.08301","1.1286123"
"1529864550486","80.17818","75.20596","1.2043542"
"1529864551136","94.24084","75.255684","0.49961707"
"1529864551984","70.3125","75.44553","1.852082"
"1529864552700","86.95652","75.3942","0.53373146"
"1529864553349","87.80488","75.50983","1.1288048"
"1529864554777","85.106384","75.632774","1.2042998"
"1529864555495","83.72093","75.72751","0.9316708"
"1529864556267","77.586205","75.80744","0.7850565"
"1529864557749","81.818184","75.825226","0.19040103"
"1529864558442","84.90566","75.885155","0.58473575"
"1529864559056","94.73684","75.97536","0.8816099"
"1529864560655","76.75906","76.16297","1.8317186"
"1529864561293","89.10891","76.16893","0.19217458"
"1529864562025","82.94931","76.29833","1.2620363"
"1529864562715","87.80488","76.364845","0.66075885"
"1529864563473","78.947365","76.47925","1.1175722"
"1529864566247","64.90385","76.50393","0.26536804"
"1529864566992","80.35714","76.38793","1.1315367"
"1529864567778","76.59574","76.42763","0.40327194"
"1529864569193","42.25352","76.429306","0.043532312"
"1529864571346","55.813953","76.08755","3.3327816"
"1529864572816","81.63265","75.88481","2.004949"
"1529864573568","80.35714","75.94229","0.5953008"
"1529864574350","76.59574","75.98644","0.43462625"
"1529864575022","87.80488","75.99254","0.07361703"
"1529864575803","77.92208","76.110664","1.1519475"
"1529864576582","77.586205","76.12878","0.21088877"
"1529864577302","81.44797","76.14335","0.1436828"
"1529864578107","75.0","76.196396","0.517499"
"1529864578856","81.44797","76.18443","0.12763306"
"1529864579563","84.50704","76.23707","0.5134518"
"1529864581102","77.92208","76.31977","0.80810976"
"1529864581793","86.95652","76.33579","0.1759152"
"1529864582565","78.60262","76.442","1.035869"
"1529864583351","75.313805","76.46361","0.2347875"
"1529864584069","83.72093","76.45211","0.114559166"
"1529864584820","80.35714","76.524796","0.708939"
"1529864585551","81.44797","76.56312","0.38039008"
"1529864586288","83.72093","76.61197","0.47788036"
"1529864587070","75.313805","76.68306","0.694902"
"1529864587793","82.94931","76.669365","0.1505276"
"1529864588488","86.53846","76.73216","0.6125974"
"1529864589309","73.46939","76.83022","0.9582579"
"1529864590785","80.89888","76.796616","0.34146565"
"1529864591553","78.60262","76.83764","0.40150216"
"1529864592304","80.35714","76.855286","0.17674018"
"1529864593093","76.59574","76.890305","0.34195334"
"1529864593824","82.19178","76.88736","0.044659548"
"1529864594551","80.35714","76.94041","0.5172993"
"1529864595347","76.59574","76.97457","0.3371874"
"1529864596073","81.818184","76.97078","0.050017137"
"1529864596845","76.92308","77.01926","0.47273883"
"1529864597605","81.44797","77.018295","0.04819529"
"1529864598421","75.0","77.06259","0.4320029"
"1529864599123","82.19178","77.04197","0.20572853"
"1529864599908","76.92308","77.09347","0.50262415"
"1529864600719","79.29515","77.09177","0.05293778"
"1529864602173","79.82262","77.1138","0.21493644"
"1529864602939","77.25322","77.140884","0.26503366"
"1529864603787","75.313805","77.142006","0.028678209"
"1529864604499","78.60262","77.123726","0.1783071"
"1529864606049","77.41936","77.13851","0.14531854"
"1529864607534","81.818184","77.14132","0.031004287"
"1529864608216","88.23529","77.18809","0.45609242"
"1529864608938","82.56881","77.29856","1.078274"
"1529864610434","79.4702","77.351265","0.5251371"
"1529864611188","80.35714","77.37245","0.21320446"
"1529864612009","73.17073","77.4023","0.29184282"
"1529864612792","79.64602","77.359985","0.41368803"
"1529864613583","73.46939","77.38284","0.2267372"
"1529864614316","82.94931","77.34371","0.38230813"
"1529864615060","80.35714","77.399765","0.54798627"
"1529864615840","75.94936","77.42934","0.29355955"
"1529864616632","76.92308","77.414536","0.1472802"
"1529864617419","76.27119","77.40962","0.050138153"
"1529864618837","84.11215","77.39824","0.11113205"
"1529864619540","86.95652","77.46538","0.6548265"
"1529864621014","80.89888","77.56029","0.9278777"
"1529864622501","81.26411","77.59367","0.3385392"
"1529864623289","75.0","77.63038","0.35953325"
"1529864624079","75.94936","77.60407","0.25901833"
"1529864625525","82.75862","77.587524","0.1634306"
"1529864626172","93.26425","77.63924","0.50454336"
"1529864626910","82.94931","77.79549","1.5245665"
"1529864627690","81.08108","77.84702","0.5252088"
"1529864628364","84.11215","77.879364","0.3197241"
"1529864629134","76.92308","77.94169","0.60865414"
"1529864629846","85.30806","77.9315","0.11649777"
"1529864630659","80.0","78.00527","0.71944636"
"1529864631313","82.94931","78.02522","0.20740111"
"1529864632063","80.0","78.07446","0.48063847"
"1529864633524","82.19178","78.09372","0.19382952"
"1529864635094","76.92308","78.1347","0.4001077"
"1529864635868","77.92208","78.12258","0.12474594"
"1529864636553","84.50704","78.120575","0.023192927"
"1529864637838","47.12042","78.18444","0.6228043"
"1529864639575","69.49807","77.8738","3.029964"
"1529864642104","71.14625","77.79005","0.87117976"
"1529864643041","63.157894","77.72361","0.6537257"
"1529864644437","43.373493","77.57795","1.4219332"
"1529864647308","80.17818","77.23591","3.3386045"
"1529864648117","75.94936","77.26533","0.4402155"
"1529864648935","73.17073","77.25217","0.13567144"
"1529864649760","73.46939","77.21135","0.3982473"
"1529864651374","73.17073","77.17393","0.36707747"
"1529864652217","71.14625","77.133896","0.39210868"
"1529864653070","70.03891","77.07402","0.58522296"
"1529864653929","71.42857","77.00367","0.68854654"
"1529864654792","69.76744","76.94792","0.5480193"
"1529864656468","71.57058","76.876114","0.7023722"
"1529864657180","84.11215","76.82306","0.52213466"
"1529864658026","69.76744","76.89595","0.7127381"
"1529864658877","73.77049","76.82467","0.6988077"
"1529864659673","72.8745","76.79413","0.30592757"
"1529864660475","74.380165","76.75493","0.38345945"
"1529864661265","76.92308","76.73118","0.23473684"
"1529864662030","77.586205","76.7331","0.030020267"
"1529864662880","71.42857","76.74163","0.083247855"
"1529864663753","71.14625","76.6885","0.5181893"
"1529864664479","78.60262","76.63308","0.54295194"
"1529864666068","73.77049","76.65278","0.19959383"
"1529864666859","76.27119","76.623955","0.2817845"
"1529864668394","76.92308","76.62043","0.044469163"
"1529864669085","88.23529","76.62346","0.029846985"
"1529864669901","74.380165","76.73958","1.1323748"
"1529864670723","75.63025","76.71598","0.25644213"
"1529864671448","79.64602","76.705124","0.108940504"
"1529864672847","43.062202","76.734535","0.28699893"
"1529864673795","62.93706","76.39781","3.2838082"
"1529864674627","72.58064","76.26321","1.3531262"
"1529864677737","78.26087","76.22638","0.38376528"
"1529864678396","83.333336","76.24673","0.20207833"
"1529864679245","70.588234","76.3176","0.6913721"
"1529864680655","44.444443","76.2603","0.5629811"
"1529864681453","71.71315","75.94214","3.103152"
"1529864682213","78.26087","75.89985","0.51611423"
"1529864682927","83.333336","75.92346","0.23595737"
"1529864683708","81.08108","75.99756","0.72298676"
"1529864684398","82.19178","76.04839","0.5009826"
"1529864685154","79.29515","76.109825","0.60118645"
"1529864685889","82.56881","76.14168","0.31639308"
"1529864686646","80.0","76.20595","0.62756383"
"1529864687406","78.60262","76.24389","0.37527555"
"1529864688141","80.35714","76.26748","0.23306164"
"1529864688871","82.56881","76.30837","0.39949918"
"1529864689681","77.586205","76.37098","0.6118153"
"1529864690430","77.25322","76.38313","0.13336831"
"1529864691149","82.19178","76.39183","0.08589182"
"1529864691972","75.63025","76.44983","0.56566894"
"1529864692754","77.92208","76.441635","0.097917065"
"1529864693471","80.0","76.456436","0.1447032"
"1529864694254","76.92308","76.491875","0.34586635"
"1529864695051","75.63025","76.496185","0.05444725"
"1529864695824","77.92208","76.487526","0.08462034"
"1529864697380","76.92308","76.50187","0.14015189"
"1529864698160","76.27119","76.50608","0.043401238"
"1529864699762","77.41936","76.50373","0.023313992"
"1529864700520","74.07407","76.512886","0.089321256"
"1529864701951","84.309135","76.488495","0.23799722"
"1529864702747","76.59574","76.5667","0.7630299"
"1529864703458","82.19178","76.56699","0.07635552"
"1529864704238","75.94936","76.623245","0.54857475"
"1529864705019","76.92308","76.61651","0.085603565"
"1529864705837","74.6888","76.619576","0.031097798"
"1529864707504","69.23077","76.600266","0.1883125"
"1529864708354","70.588234","76.52657","0.71891105"
"1529864709234","68.44106","76.46719","0.5835449"
"1529864710122","67.16418","76.38693","0.7848703"
"1529864711005","68.965515","76.29471","0.9028098"
"1529864711800","74.380165","76.22141","0.7204125"
"1529864712736","66.666664","76.203","0.19346946"
"1529864713562","70.03891","76.10764","0.9301731"
"1529864715240","71.28713","76.04696","0.5990807"
"1529864716070","73.46939","75.99936","0.46802208"
"1529864716874","73.77049","75.97406","0.25111923"
"1529864717783","69.23077","75.95203","0.21635158"
"1529864718575","72.58064","75.88481","0.6558054"
"1529864719393","72.8745","75.85177","0.32882422"
"1529864720197","73.17073","75.822","0.29219615"
"1529864721091","68.181816","75.79549","0.26019418"
"1529864721911","73.46939","75.71935","0.7429314"
"1529864722638","82.19178","75.69685","0.23165002"
"1529864723527","67.16418","75.7618","0.6338004"
"1529864724342","73.17073","75.67583","0.8408217"
"1529864725120","79.29515","75.65078","0.25835913"
"1529864726660","76.27119","75.687225","0.35633206"
"1529864727473","74.380165","75.69306","0.06717694"
"1529864728289","72.0","75.67993","0.128208"
"1529864729103","75.0","75.643135","0.35909143"
"1529864729955","69.23077","75.6367","0.07227015"
"1529864731535","76.10994","75.57265","0.6247409"
"1529864732402","70.588234","75.57802","0.0815376"
"1529864733221","72.58064","75.52812","0.48666584"
"1529864734073","69.49807","75.49865","0.29152548"
"1529864734883","75.0","75.438644","0.58589464"
"1529864735689","84.11215","75.43426","0.07254317"
"1529864736480","68.181816","75.521034","0.84628844"
"1529864737365","66.666664","75.44764","0.720697"
"1529864738268","67.669174","75.35983","0.8593372"
"1529864739050","76.27119","75.28293","0.7548905"
"1529864739979","64.98195","75.29281","0.12241949"
"1529864740824","72.0","75.1897","1.0055761"
"1529864741610","73.46939","75.1578","0.32690528"
"1529864742378","79.64602","75.140915","0.16786528"
"1529864744125","68.57143","75.18597","0.4396525"
"1529864744910","77.92208","75.11982","0.6465379"
"1529864746588","72.14429","75.14784","0.28081703"
"1529864747345","78.60262","75.117805","0.2942458"
"1529864748028","84.50704","75.15266","0.34110615"
"1529864748825","75.94936","75.2462","0.91286516"
"1529864749620","76.92308","75.253235","0.11417203"
"1529864750345","82.19178","75.269936","0.16324073"
"1529864751097","78.26087","75.33916","0.6752065"
"1529864751825","83.72093","75.36838","0.2928128"
"1529864752598","78.60262","75.451904","0.81505644"
"1529864753332","81.44797","75.48341","0.31788063"
"1529864754173","71.14625","75.54306","0.5825235"
"1529864755001","72.0","75.49909","0.43271047"
"1529864756693","71.71315","75.4641","0.3439599"
"1529864757575","68.44106","75.4266","0.36740214"
"1529864758361","73.77049","75.35674","0.6822105"
"1529864759231","70.86614","75.34088","0.16906466"
"1529864760088","68.965515","75.296135","0.4366983"
